year,spp_code,plot_num,quad_num,coords,plant_num,max_leaf_length,init_pollen,init_seed_disp,init_color_chg,tot_color_chg
1984,ACOROS,1,2,09-05,1,48,NaN,NaN,NaN,NaN
1984,ACOROS,2,1,05-03,1,35,NaN,NaN,NaN,NaN
1984,ACOROS,3,1,09-02,1,120,198,238,233,NaN
1984,ACOROS,9,1,01-05,1,46,NaN,NaN,246,NaN
1984,ACOROS,10,1,05-06,1,119,191,226,233,246
1984,ACOROS,11,1,06-02,1,115,NaN,NaN,NaN,NaN
1984,ACOROS,12,1,05-03,1,63,NaN,NaN,NaN,NaN
1984,ACOROS,14,1,06-04,1,160,198,226,238,246
1984,ACOROS,16,1,05-08,1,59,NaN,NaN,NaN,NaN
1984,ACOROS,19,1,03-05,1,50,NaN,NaN,233,NaN
1984,ACOROS,24,1,06-03,1,95,NaN,NaN,NaN,NaN
1984,ACOROS,32,1,04-08,1,60,NaN,NaN,NaN,NaN
1984,ACOROS,82,1,03-01,1,80,198,227,233,246
1984,ACOROS,1,3,07-06,2,58,170,218,NaN,NaN
1984,ACOROS,2,2,06-02,2,80,191,226,NaN,NaN
1984,ACOROS,3,2,02-06,2,85,NaN,218,233,NaN
1984,ACOROS,9,2,02-04,2,44,226,246,246,NaN
1984,ACOROS,10,2,08-05,2,129,191,226,NaN,246
1984,ACOROS,11,2,08-03,2,103,NaN,218,NaN,NaN
1984,ACOROS,12,2,05-03,2,61,178,218,NaN,NaN
1984,ACOROS,14,2,07-01,2,170,205,246,NaN,246
1984,ACOROS,16,2,04-07,2,48,233,NaN,NaN,NaN
1984,ACOROS,19,1,04-05,2,52,NaN,NaN,233,NaN
1984,ACOROS,24,2,03-06,2,120,NaN,NaN,238,NaN
1984,ACOROS,32,2,05-09,2,56,NaN,NaN,NaN,NaN
1984,ACOROS,82,2,02-08,2,94,NaN,227,233,246
1984,ACOROS,1,5,02-02,3,58,170,212,NaN,NaN
1984,ACOROS,2,3,06-02,3,82,177,NaN,NaN,NaN
1984,ACOROS,3,3,02-05,3,108,NaN,NaN,233,NaN
1984,ACOROS,9,3,06-05,3,61,NaN,NaN,246,NaN
1984,ACOROS,10,3,09-05,3,95,191,NaN,NaN,246
1984,ACOROS,11,3,04-02,3,69,191,NaN,NaN,NaN
1984,ACOROS,12,3,05-03,3,75,184,218,NaN,NaN
1984,ACOROS,14,3,05-05,3,152,198,233,NaN,246
1984,ACOROS,16,3,04-05,3,43,NaN,NaN,NaN,NaN
1984,ACOROS,19,1,04-07,3,45,246,NaN,NaN,NaN
1984,ACOROS,24,3,03-04,3,115,NaN,226,226,NaN
1984,ACOROS,32,3,05-09,3,64,184,218,NaN,NaN
1984,ACOROS,82,3,05-03,3,109,191,NaN,233,246
1984,ACOROS,1,7,05-01,4,48,NaN,NaN,NaN,NaN
1984,ACOROS,2,4,06-02,4,54,NaN,NaN,NaN,NaN
1984,ACOROS,9,4,07-06,4,55,NaN,NaN,246,NaN
1984,ACOROS,10,4,09-03,4,128,191,226,NaN,246
1984,ACOROS,11,4,05-03,4,105,NaN,212,226,NaN
1984,ACOROS,12,4,07-02,4,64,178,212,NaN,NaN
1984,ACOROS,14,4,02-06,4,150,198,238,NaN,246
1984,ACOROS,16,4,06-02,4,55,NaN,NaN,NaN,NaN
1984,ACOROS,24,4,06-03,4,126,NaN,NaN,233,NaN
1984,ACOROS,32,4,05-07,4,40,184,212,NaN,NaN
1984,ACOROS,82,4,09-01,4,111,NaN,212,227,NaN
1984,ACOROS,1,10,06-01,5,61,177,212,NaN,NaN
1984,ACOROS,2,5,08-02,5,78,184,226,NaN,NaN
1984,ACOROS,3,5,07-03,5,113,226,218,NaN,NaN
1984,ACOROS,10,6,09-01,5,115,191,233,NaN,246
1984,ACOROS,11,5,05-03,5,112,NaN,218,NaN,NaN
1984,ACOROS,12,5,08-03,5,80,178,212,NaN,NaN
1984,ACOROS,14,4,02-05,5,147,NaN,NaN,NaN,NaN
1984,ACOROS,16,4,01-03,5,55,NaN,NaN,NaN,NaN
1984,ACOROS,19,4,06-03,5,72,NaN,NaN,NaN,NaN
1984,ACOROS,24,5,09-08,5,139,NaN,NaN,233,NaN
1984,ACOROS,32,5,04-09,5,61,184,205,NaN,NaN
1984,ACOROS,82,5,05-02,5,112,NaN,212,227,NaN
1984,ACOROS,1,2,03-03,6,46,NaN,NaN,NaN,NaN
1984,ACOROS,2,7,10-02,6,65,NaN,NaN,NaN,NaN
1984,ACOROS,3,6,03-01,6,144,NaN,205,226,NaN
1984,ACOROS,9,6,08-04,6,54,NaN,NaN,246,253
1984,ACOROS,10,6,04-02,6,95,191,218,NaN,246
1984,ACOROS,11,6,06-02,6,83,NaN,NaN,226,NaN
1984,ACOROS,12,6,08-03,6,75,178,212,NaN,NaN
1984,ACOROS,14,8,03-08,6,37,NaN,NaN,NaN,NaN
1984,ACOROS,16,6,09-03,6,45,NaN,NaN,NaN,NaN
1984,ACOROS,19,4,05-03,6,70,246,NaN,NaN,NaN
1984,ACOROS,24,6,03-06,6,121,NaN,NaN,228,NaN
1984,ACOROS,32,6,07-08,6,44,NaN,NaN,NaN,NaN
1984,ACOROS,82,6,03-01,6,63,NaN,NaN,233,NaN
1984,ACOROS,1,10,02-06,7,50,NaN,NaN,NaN,NaN
1984,ACOROS,2,7,07-03,7,63,184,226,NaN,NaN
1984,ACOROS,3,7,09-04,7,143,191,205,226,NaN
1984,ACOROS,9,7,07-07,7,76,NaN,NaN,246,NaN
1984,ACOROS,10,7,09-04,7,113,191,238,NaN,246
1984,ACOROS,11,7,05-02,7,53,NaN,NaN,NaN,NaN
1984,ACOROS,12,7,09-02,7,50,NaN,NaN,NaN,NaN
1984,ACOROS,14,8,03-07,7,63,NaN,NaN,NaN,NaN
1984,ACOROS,16,7,05-03,7,46,NaN,NaN,NaN,NaN
1984,ACOROS,19,4,05-04,7,67,246,NaN,NaN,NaN
1984,ACOROS,24,7,02-07,7,87,NaN,NaN,226,NaN
1984,ACOROS,32,7,05-07,7,37,184,218,NaN,NaN
1984,ACOROS,82,7,08-03,7,86,191,246,233,246
1984,ACOROS,1,5,05-02,8,89,177,NaN,NaN,NaN
1984,ACOROS,2,8,06-02,8,80,177,NaN,NaN,NaN
1984,ACOROS,3,8,06-01,8,96,191,NaN,238,177
1984,ACOROS,9,8,02-05,8,95,226,246,238,246
1984,ACOROS,10,8,04-01,8,81,198,226,NaN,246
1984,ACOROS,11,8,07-03,8,70,NaN,212,NaN,NaN
1984,ACOROS,12,8,03-02,8,107,NaN,NaN,NaN,NaN
1984,ACOROS,14,9,08-06,8,130,NaN,NaN,NaN,246
1984,ACOROS,16,8,08-02,8,64,NaN,NaN,NaN,NaN
1984,ACOROS,19,4,06-04,8,54,246,NaN,233,NaN
1984,ACOROS,24,7,05-07,8,91,NaN,NaN,218,233
1984,ACOROS,32,8,05-08,8,70,NaN,NaN,NaN,NaN
1984,ACOROS,82,8,06-02,8,76,NaN,233,227,246
1984,ACOROS,1,9,05-02,9,59,170,212,NaN,NaN
1984,ACOROS,2,9,03-03,9,65,NaN,NaN,NaN,NaN
1984,ACOROS,3,9,06-02,9,123,191,233,226,NaN
1984,ACOROS,9,9,04-05,9,66,NaN,NaN,NaN,NaN
1984,ACOROS,10,9,03-02,9,116,191,NaN,NaN,246
1984,ACOROS,11,9,04-02,9,110,191,NaN,NaN,NaN
1984,ACOROS,12,9,08-02,9,85,NaN,NaN,NaN,NaN
1984,ACOROS,14,9,08-06,9,116,NaN,NaN,NaN,246
1984,ACOROS,16,9,05-03,9,79,233,253,NaN,NaN
1984,ACOROS,19,4,07-04,9,59,246,NaN,233,NaN
1984,ACOROS,24,9,05-01,9,101,NaN,NaN,238,NaN
1984,ACOROS,32,9,08-08,9,45,NaN,NaN,NaN,NaN
1984,ACOROS,82,9,08-04,9,97,NaN,233,233,246
1984,ACOROS,1,10,05-02,10,46,NaN,NaN,NaN,NaN
1984,ACOROS,2,10,07-02,10,55,NaN,NaN,NaN,NaN
1984,ACOROS,3,10,02-01,10,115,218,233,233,NaN
1984,ACOROS,9,10,05-05,10,89,NaN,246,NaN,NaN
1984,ACOROS,10,10,06-04,10,105,198,226,246,NaN
1984,ACOROS,11,10,04-03,10,79,NaN,NaN,NaN,NaN
1984,ACOROS,12,10,04-05,10,80,178,226,NaN,NaN
1984,ACOROS,14,9,10-06,10,139,NaN,NaN,NaN,246
1984,ACOROS,16,10,03-04,10,85,233,253,NaN,NaN
1984,ACOROS,19,4,06-04,10,70,246,NaN,NaN,NaN
1984,ACOROS,24,9,05-06,10,194,218,205,233,NaN
1984,ACOROS,32,10,03-04,10,60,NaN,218,NaN,NaN
1984,ACOROS,82,10,05-03,10,89,NaN,NaN,233,NaN
1984,BISBIS,32,1,08-10,1,161,NaN,NaN,NaN,NaN
1984,BISBIS,82,1,05-07,1,154,NaN,NaN,NaN,NaN
1984,BISBIS,32,2,08-01,2,139,191,227,NaN,NaN
1984,BISBIS,82,2,06-08,2,120,205,246,NaN,NaN
1984,BISBIS,32,3,10-07,3,134,NaN,NaN,NaN,NaN
1984,BISBIS,82,3,07-01,3,165,205,NaN,NaN,NaN
1984,BISBIS,32,4,04-01,4,172,NaN,NaN,NaN,NaN
1984,BISBIS,82,4,05-07,4,119,198,233,NaN,178
1984,BISBIS,32,4,05-10,5,172,NaN,NaN,NaN,NaN
1984,BISBIS,82,4,06-07,5,113,NaN,NaN,NaN,NaN
1984,BISBIS,32,6,06-04,6,175,NaN,NaN,NaN,NaN
1984,BISBIS,82,6,04-04,6,143,198,233,NaN,NaN
1984,BISBIS,32,6,04-10,7,147,NaN,NaN,NaN,NaN
1984,BISBIS,82,6,04-01,7,113,NaN,NaN,NaN,NaN
1984,BISBIS,32,9,07-10,8,129,198,NaN,NaN,NaN
1984,BISBIS,82,3,02-08,8,138,205,NaN,NaN,NaN
1984,BISBIS,32,9,08-05,9,134,NaN,NaN,NaN,NaN
1984,BISBIS,82,10,03-03,9,103,NaN,NaN,NaN,NaN
1984,BISBIS,32,10,09-02,10,145,198,NaN,NaN,NaN
1984,BISBIS,82,10,10-03,10,187,212,NaN,NaN,NaN
1984,BISVIV,2,1,09-03,1,70,NaN,226,NaN,NaN
1984,BISVIV,3,1,07-02,1,53,NaN,NaN,NaN,NaN
1984,BISVIV,9,1,04-05,1,58,NaN,NaN,NaN,NaN
1984,BISVIV,10,1,09-01,1,66,NaN,212,246,NaN
1984,BISVIV,11,1,07-03,1,108,NaN,212,NaN,NaN
1984,BISVIV,14,2,08-03,1,228,212,246,NaN,NaN
1984,BISVIV,24,1,03-02,1,79,NaN,NaN,NaN,NaN
1984,BISVIV,32,1,05-08,1,46,NaN,NaN,NaN,NaN
1984,BISVIV,82,1,05-04,1,65,NaN,NaN,NaN,NaN
1984,BISVIV,2,2,01-04,2,130,NaN,218,NaN,NaN
1984,BISVIV,3,2,07-04,2,131,NaN,NaN,NaN,NaN
1984,BISVIV,9,2,09-04,2,52,NaN,NaN,NaN,NaN
1984,BISVIV,10,2,08-02,2,30,NaN,212,NaN,NaN
1984,BISVIV,11,2,08-03,2,64,NaN,218,156,NaN
1984,BISVIV,14,3,05-05,2,156,NaN,NaN,NaN,NaN
1984,BISVIV,24,2,06-05,2,107,NaN,NaN,NaN,NaN
1984,BISVIV,32,2,06-09,2,76,NaN,NaN,NaN,NaN
1984,BISVIV,82,2,07-02,2,44,NaN,218,NaN,NaN
1984,BISVIV,2,3,03-05,3,39,NaN,218,NaN,NaN
1984,BISVIV,3,3,05-03,3,164,NaN,NaN,NaN,NaN
1984,BISVIV,9,3,06-05,3,56,NaN,246,NaN,NaN
1984,BISVIV,10,3,03-04,3,63,NaN,238,NaN,NaN
1984,BISVIV,11,3,02-07,3,124,NaN,212,NaN,NaN
1984,BISVIV,14,3,02-09,3,200,NaN,NaN,NaN,NaN
1984,BISVIV,24,3,09-04,3,116,NaN,NaN,NaN,NaN
1984,BISVIV,32,3,04-09,3,62,NaN,212,NaN,NaN
1984,BISVIV,82,3,07-01,3,100,NaN,NaN,NaN,NaN
1984,BISVIV,2,4,07-02,4,70,NaN,218,NaN,NaN
1984,BISVIV,3,4,05-09,4,40,NaN,NaN,NaN,NaN
1984,BISVIV,9,4,08-03,4,45,NaN,NaN,NaN,NaN
1984,BISVIV,10,4,08-03,4,129,NaN,NaN,246,NaN
1984,BISVIV,11,4,07-08,4,109,NaN,NaN,NaN,NaN
1984,BISVIV,32,4,06-02,4,45,NaN,NaN,NaN,NaN
1984,BISVIV,82,4,07-02,4,91,NaN,233,NaN,NaN
1984,BISVIV,2,5,01-02,5,59,NaN,NaN,NaN,NaN
1984,BISVIV,3,5,08-06,5,82,NaN,NaN,NaN,NaN
1984,BISVIV,9,5,04-04,5,66,NaN,NaN,NaN,NaN
1984,BISVIV,10,5,02-03,5,95,NaN,NaN,NaN,NaN
1984,BISVIV,11,5,03-05,5,61,NaN,NaN,NaN,NaN
1984,BISVIV,14,10,04-07,5,144,NaN,NaN,NaN,246
1984,BISVIV,32,5,07-08,5,56,NaN,212,NaN,NaN
1984,BISVIV,2,6,01-01,6,87,NaN,212,NaN,NaN
1984,BISVIV,3,6,09-05,6,121,NaN,NaN,233,NaN
1984,BISVIV,9,6,09-04,6,50,NaN,NaN,NaN,NaN
1984,BISVIV,10,6,04-03,6,34,NaN,NaN,NaN,NaN
1984,BISVIV,11,6,02-07,6,75,NaN,NaN,NaN,NaN
1984,BISVIV,14,6,07-02,6,135,NaN,NaN,NaN,NaN
1984,BISVIV,24,6,04-04,6,10,NaN,NaN,NaN,NaN
1984,BISVIV,32,6,04-08,6,76,NaN,212,NaN,NaN
1984,BISVIV,82,6,07-02,6,5,NaN,NaN,NaN,NaN
1984,BISVIV,2,7,01-01,7,50,NaN,NaN,NaN,NaN
1984,BISVIV,3,7,01-03,7,116,NaN,NaN,NaN,NaN
1984,BISVIV,9,7,01-03,7,69,NaN,NaN,NaN,NaN
1984,BISVIV,10,7,03-02,7,74,NaN,NaN,NaN,NaN
1984,BISVIV,11,7,04-03,7,133,NaN,212,NaN,NaN
1984,BISVIV,32,7,01-08,7,76,NaN,212,NaN,NaN
1984,BISVIV,82,7,07-02,7,66,NaN,212,NaN,NaN
1984,BISVIV,2,8,05-03,8,62,NaN,212,NaN,NaN
1984,BISVIV,3,8,02-03,8,38,NaN,NaN,NaN,NaN
1984,BISVIV,9,1,02-05,8,55,NaN,NaN,NaN,NaN
1984,BISVIV,10,8,02-03,8,54,NaN,NaN,NaN,NaN
1984,BISVIV,11,8,08-02,8,113,NaN,212,NaN,NaN
1984,BISVIV,14,8,09-07,8,157,NaN,NaN,NaN,NaN
1984,BISVIV,24,9,07-06,8,96,NaN,NaN,NaN,NaN
1984,BISVIV,32,8,05-07,8,92,NaN,212,NaN,NaN
1984,BISVIV,82,8,04-02,8,49,NaN,NaN,NaN,NaN
1984,BISVIV,2,9,07-04,9,48,NaN,NaN,NaN,NaN
1984,BISVIV,3,9,03-02,9,121,NaN,NaN,NaN,NaN
1984,BISVIV,9,2,06-05,9,46,NaN,NaN,NaN,NaN
1984,BISVIV,10,9,02-02,9,69,NaN,NaN,NaN,NaN
1984,BISVIV,11,9,01-07,9,111,NaN,212,NaN,NaN
1984,BISVIV,14,10,01-07,9,999,NaN,NaN,NaN,NaN
1984,BISVIV,24,8,08-06,9,114,NaN,NaN,NaN,NaN
1984,BISVIV,32,9,06-06,9,52,NaN,212,NaN,NaN
1984,BISVIV,82,9,05-02,9,66,NaN,218,NaN,NaN
1984,BISVIV,2,10,09-06,10,95,205,218,NaN,NaN
1984,BISVIV,3,10,01-01,10,167,NaN,NaN,NaN,NaN
1984,BISVIV,9,3,01-05,10,40,NaN,NaN,NaN,NaN
1984,BISVIV,10,10,07-05,10,12,NaN,NaN,NaN,NaN
1984,BISVIV,11,10,04-03,10,81,NaN,218,NaN,NaN
1984,BISVIV,14,10,01-07,10,120,NaN,212,NaN,NaN
1984,BISVIV,24,8,07-10,10,86,NaN,NaN,233,NaN
1984,BISVIV,32,10,05-07,10,84,NaN,212,NaN,NaN
1984,BISVIV,2,8,06-03,11,82,NaN,212,NaN,NaN
1985,ACOROS,1,2,09-05,1,43,NaN,NaN,NaN,NaN
1985,ACOROS,2,1,05-03,1,27,NaN,NaN,NaN,NaN
1985,ACOROS,3,1,09-02,1,116,189,NaN,NaN,NaN
1985,ACOROS,9,1,01-05,1,45,NaN,NaN,NaN,NaN
1985,ACOROS,10,1,05-06,1,115,175,NaN,NaN,NaN
1985,ACOROS,11,1,06-02,1,135,168,210,NaN,NaN
1985,ACOROS,12,1,05-03,1,63,168,203,153,NaN
1985,ACOROS,14,1,06-04,1,145,196,NaN,NaN,NaN
1985,ACOROS,16,1,05-08,1,67,NaN,NaN,NaN,NaN
1985,ACOROS,19,1,03-05,1,63,217,NaN,NaN,NaN
1985,ACOROS,24,1,06-03,1,87,NaN,NaN,NaN,NaN
1985,ACOROS,32,1,04-03,1,64,NaN,NaN,NaN,NaN
1985,ACOROS,82,1,03-01,1,79,178,NaN,NaN,NaN
1985,ACOROS,1,3,07-06,2,61,NaN,NaN,NaN,NaN
1985,ACOROS,2,2,06-02,2,84,183,NaN,NaN,NaN
1985,ACOROS,3,2,02-06,2,78,NaN,NaN,NaN,NaN
1985,ACOROS,9,2,02-05,2,52,NaN,NaN,175,NaN
1985,ACOROS,10,2,08-05,2,134,NaN,217,NaN,NaN
1985,ACOROS,11,2,08-03,2,102,NaN,203,NaN,NaN
1985,ACOROS,12,2,05-03,2,68,NaN,196,153,NaN
1985,ACOROS,14,2,07-01,2,160,196,NaN,NaN,NaN
1985,ACOROS,16,2,04-07,2,51,NaN,NaN,NaN,NaN
1985,ACOROS,19,1,04-05,2,61,NaN,NaN,NaN,NaN
1985,ACOROS,24,2,03-06,2,115,175,210,NaN,NaN
1985,ACOROS,32,2,05-02,2,60,NaN,NaN,NaN,NaN
1985,ACOROS,82,2,02-08,2,77,NaN,NaN,NaN,NaN
1985,ACOROS,1,5,02-02,3,66,NaN,NaN,NaN,NaN
1985,ACOROS,2,3,06-02,3,85,NaN,NaN,NaN,NaN
1985,ACOROS,3,3,02-05,3,96,NaN,NaN,NaN,NaN
1985,ACOROS,9,3,06-05,3,65,NaN,NaN,175,NaN
1985,ACOROS,10,3,09-05,3,91,182,217,NaN,NaN
1985,ACOROS,11,3,04-02,3,70,NaN,217,NaN,NaN
1985,ACOROS,12,3,05-03,3,75,NaN,217,NaN,NaN
1985,ACOROS,14,3,05-05,3,130,NaN,NaN,NaN,NaN
1985,ACOROS,16,3,04-05,3,49,NaN,NaN,NaN,NaN
1985,ACOROS,19,1,04-07,3,50,NaN,NaN,NaN,NaN
1985,ACOROS,24,3,03-04,3,125,175,203,NaN,NaN
1985,ACOROS,32,3,05-02,3,66,175,196,NaN,NaN
1985,ACOROS,82,3,05-03,3,95,183,217,NaN,NaN
1985,ACOROS,1,7,05-01,4,51,NaN,NaN,NaN,NaN
1985,ACOROS,2,4,06-02,4,67,NaN,NaN,NaN,NaN
1985,ACOROS,3,4,05-03,4,128,183,NaN,NaN,NaN
1985,ACOROS,9,4,07-06,4,60,NaN,NaN,NaN,NaN
1985,ACOROS,10,4,09-03,4,124,182,NaN,NaN,NaN
1985,ACOROS,11,4,05-03,4,87,NaN,NaN,NaN,NaN
1985,ACOROS,12,4,07-02,4,65,175,210,NaN,NaN
1985,ACOROS,14,4,02-06,4,117,NaN,NaN,NaN,NaN
1985,ACOROS,16,4,06-02,4,62,NaN,NaN,NaN,NaN
1985,ACOROS,19,1,05-07,4,29,NaN,NaN,NaN,NaN
1985,ACOROS,24,4,06-03,4,126,NaN,NaN,NaN,NaN
1985,ACOROS,32,4,05-03,4,45,175,210,NaN,NaN
1985,ACOROS,82,4,09-01,4,82,NaN,NaN,NaN,NaN
1985,ACOROS,1,10,06-01,5,65,NaN,NaN,NaN,NaN
1985,ACOROS,2,5,08-02,5,73,NaN,NaN,NaN,NaN
1985,ACOROS,3,5,07-03,5,96,196,NaN,NaN,NaN
1985,ACOROS,10,6,09-01,5,123,175,NaN,NaN,NaN
1985,ACOROS,11,5,05-03,5,96,168,196,NaN,NaN
1985,ACOROS,12,5,08-03,5,95,161,203,NaN,NaN
1985,ACOROS,14,4,02-05,5,123,196,217,NaN,NaN
1985,ACOROS,16,4,01-03,5,67,210,NaN,NaN,NaN
1985,ACOROS,19,4,06-03,5,76,225,NaN,NaN,NaN
1985,ACOROS,24,5,09-08,5,135,175,NaN,NaN,NaN
1985,ACOROS,32,5,03-03,5,68,175,210,NaN,NaN
1985,ACOROS,82,5,05-02,5,85,217,NaN,NaN,NaN
1985,ACOROS,1,2,03-03,6,45,NaN,NaN,153,NaN
1985,ACOROS,2,7,10-02,6,63,NaN,NaN,NaN,NaN
1985,ACOROS,3,6,03-01,6,145,183,NaN,NaN,NaN
1985,ACOROS,9,6,08-04,6,46,NaN,NaN,175,NaN
1985,ACOROS,10,6,04-02,6,85,175,NaN,NaN,NaN
1985,ACOROS,11,6,06-02,6,85,168,217,NaN,NaN
1985,ACOROS,12,6,08-03,6,95,NaN,203,NaN,NaN
1985,ACOROS,14,8,03-08,6,73,NaN,NaN,NaN,NaN
1985,ACOROS,16,6,09-03,6,48,203,NaN,183,NaN
1985,ACOROS,19,4,05-03,6,75,225,NaN,NaN,NaN
1985,ACOROS,24,6,03-06,6,119,175,217,NaN,NaN
1985,ACOROS,32,6,07-02,6,45,NaN,NaN,NaN,NaN
1985,ACOROS,82,6,03-01,6,60,189,NaN,NaN,NaN
1985,ACOROS,1,10,02-06,7,54,NaN,NaN,NaN,NaN
1985,ACOROS,2,7,07-03,7,57,NaN,NaN,NaN,NaN
1985,ACOROS,3,7,09-04,7,110,183,NaN,161,NaN
1985,ACOROS,9,7,07-07,7,92,NaN,NaN,175,NaN
1985,ACOROS,10,7,09-04,7,105,175,217,NaN,NaN
1985,ACOROS,11,7,05-02,7,55,NaN,NaN,NaN,NaN
1985,ACOROS,12,7,09-02,7,52,NaN,NaN,NaN,NaN
1985,ACOROS,14,8,03-07,7,86,NaN,NaN,NaN,NaN
1985,ACOROS,16,7,05-03,7,53,NaN,NaN,NaN,NaN
1985,ACOROS,19,4,05-04,7,68,225,NaN,NaN,NaN
1985,ACOROS,24,7,02-07,7,81,182,NaN,NaN,NaN
1985,ACOROS,32,7,08-04,7,43,175,203,NaN,NaN
1985,ACOROS,82,7,08-03,7,82,189,NaN,NaN,NaN
1985,ACOROS,1,5,05-02,8,89,189,NaN,161,NaN
1985,ACOROS,2,8,06-02,8,87,175,NaN,NaN,NaN
1985,ACOROS,3,8,06-01,8,103,NaN,NaN,NaN,NaN
1985,ACOROS,9,8,02-05,8,100,NaN,NaN,175,NaN
1985,ACOROS,10,8,04-01,8,85,NaN,NaN,161,NaN
1985,ACOROS,11,8,07-03,8,68,168,NaN,NaN,NaN
1985,ACOROS,12,8,03-02,8,102,NaN,NaN,NaN,NaN
1985,ACOROS,14,9,08-06,8,115,NaN,NaN,NaN,NaN
1985,ACOROS,16,8,08-02,8,75,NaN,NaN,NaN,NaN
1985,ACOROS,19,4,06-04,8,66,NaN,NaN,NaN,NaN
1985,ACOROS,24,7,05-07,8,85,175,217,NaN,NaN
1985,ACOROS,32,8,05-04,8,75,NaN,NaN,NaN,NaN
1985,ACOROS,82,8,06-02,8,76,NaN,NaN,NaN,NaN
1985,ACOROS,1,9,05-02,9,72,NaN,NaN,NaN,NaN
1985,ACOROS,2,9,03-03,9,72,NaN,NaN,NaN,NaN
1985,ACOROS,3,9,06-02,9,91,NaN,NaN,NaN,NaN
1985,ACOROS,9,9,04-05,9,72,210,NaN,175,NaN
1985,ACOROS,10,9,03-02,9,119,NaN,NaN,NaN,NaN
1985,ACOROS,11,9,04-02,9,90,NaN,NaN,NaN,NaN
1985,ACOROS,12,9,08-02,9,90,168,196,NaN,NaN
1985,ACOROS,14,9,08-06,9,120,NaN,NaN,NaN,NaN
1985,ACOROS,16,9,05-03,9,94,NaN,NaN,183,NaN
1985,ACOROS,19,4,07-04,9,64,NaN,NaN,NaN,NaN
1985,ACOROS,24,9,05-01,9,90,NaN,NaN,NaN,NaN
1985,ACOROS,32,9,08-02,9,48,NaN,NaN,NaN,NaN
1985,ACOROS,82,9,08-04,9,77,NaN,NaN,NaN,NaN
1985,ACOROS,1,10,05-02,10,56,NaN,NaN,NaN,NaN
1985,ACOROS,2,10,07-02,10,56,NaN,NaN,NaN,NaN
1985,ACOROS,3,10,02-01,10,106,189,NaN,NaN,NaN
1985,ACOROS,9,10,05-05,10,92,NaN,NaN,175,NaN
1985,ACOROS,10,10,06-04,10,108,182,NaN,NaN,NaN
1985,ACOROS,11,10,04-03,10,80,NaN,NaN,NaN,NaN
1985,ACOROS,12,10,04-05,10,93,168,217,NaN,NaN
1985,ACOROS,14,9,10-06,10,131,NaN,NaN,NaN,NaN
1985,ACOROS,16,10,03-04,10,102,210,NaN,183,NaN
1985,ACOROS,19,4,08-04,10,72,NaN,NaN,NaN,NaN
1985,ACOROS,24,9,05-06,10,184,175,NaN,NaN,NaN
1985,ACOROS,32,10,03-04,10,67,NaN,NaN,NaN,NaN
1985,ACOROS,82,10,05-03,10,82,189,NaN,NaN,NaN
1985,BISBIS,32,1,08-01,1,152,189,NaN,NaN,NaN
1985,BISBIS,32,2,08-01,2,126,NaN,217,NaN,NaN
1985,BISBIS,32,3,10-05,3,119,203,NaN,NaN,NaN
1985,BISBIS,32,4,04-01,4,160,210,NaN,NaN,NaN
1985,BISBIS,32,4,04-08,5,152,196,NaN,NaN,NaN
1985,BISBIS,32,6,06-07,6,143,196,NaN,NaN,NaN
1985,BISBIS,32,6,04-10,7,143,210,NaN,NaN,NaN
1985,BISBIS,32,9,07-01,8,118,196,NaN,NaN,NaN
1985,BISBIS,32,9,07-05,9,141,NaN,NaN,NaN,NaN
1985,BISBIS,32,10,09-08,10,141,196,NaN,NaN,NaN
1985,BISVIV,2,1,09-03,1,66,NaN,NaN,153,NaN
1985,BISVIV,3,1,07-02,1,43,NaN,NaN,161,NaN
1985,BISVIV,9,1,04-05,1,82,NaN,NaN,183,189
1985,BISVIV,10,1,09-01,1,54,NaN,NaN,NaN,NaN
1985,BISVIV,11,1,07-03,1,111,NaN,203,153,NaN
1985,BISVIV,24,1,03-02,1,75,NaN,NaN,NaN,NaN
1985,BISVIV,82,1,05-04,1,51,NaN,NaN,NaN,NaN
1985,BISVIV,2,2,01-04,2,74,NaN,NaN,NaN,NaN
1985,BISVIV,3,2,07-04,2,109,NaN,NaN,161,NaN
1985,BISVIV,9,2,09-04,2,56,NaN,NaN,175,NaN
1985,BISVIV,11,2,08-03,2,55,NaN,NaN,NaN,NaN
1985,BISVIV,14,3,05-05,2,145,NaN,NaN,NaN,NaN
1985,BISVIV,24,2,06-05,2,66,NaN,NaN,NaN,NaN
1985,BISVIV,32,2,05-02,2,86,NaN,217,NaN,NaN
1985,BISVIV,82,2,07-02,2,40,NaN,NaN,NaN,NaN
1985,BISVIV,2,3,03-05,3,40,NaN,NaN,153,NaN
1985,BISVIV,3,3,05-03,3,157,NaN,NaN,168,NaN
1985,BISVIV,9,3,06-05,3,44,NaN,NaN,183,NaN
1985,BISVIV,10,3,03-04,3,70,217,NaN,161,NaN
1985,BISVIV,11,3,02-07,3,141,NaN,NaN,NaN,NaN
1985,BISVIV,14,3,02-09,3,170,210,NaN,NaN,NaN
1985,BISVIV,24,3,09-04,3,64,NaN,210,NaN,NaN
1985,BISVIV,32,3,04-02,3,62,NaN,203,NaN,NaN
1985,BISVIV,82,3,07-01,3,106,NaN,NaN,NaN,NaN
1985,BISVIV,2,4,07-02,4,71,NaN,NaN,153,NaN
1985,BISVIV,3,4,05-09,4,35,NaN,NaN,161,NaN
1985,BISVIV,9,4,08-03,4,42,NaN,NaN,196,NaN
1985,BISVIV,10,4,08-03,4,128,NaN,NaN,NaN,NaN
1985,BISVIV,11,4,07-08,4,102,NaN,NaN,NaN,NaN
1985,BISVIV,24,4,03-02,4,83,NaN,210,NaN,NaN
1985,BISVIV,32,4,06-02,4,86,NaN,210,NaN,NaN
1985,BISVIV,82,4,07-02,4,91,NaN,NaN,168,NaN
1985,BISVIV,2,5,01-02,5,50,NaN,NaN,153,NaN
1985,BISVIV,3,5,08-06,5,91,NaN,NaN,161,NaN
1985,BISVIV,9,5,04-04,5,57,NaN,NaN,183,NaN
1985,BISVIV,10,5,02-03,5,79,NaN,NaN,NaN,NaN
1985,BISVIV,11,5,03-05,5,49,NaN,NaN,NaN,NaN
1985,BISVIV,32,5,07-02,5,65,NaN,203,NaN,NaN
1985,BISVIV,2,6,01-01,6,87,NaN,NaN,NaN,NaN
1985,BISVIV,3,6,09-05,6,139,NaN,NaN,161,NaN
1985,BISVIV,9,6,09-04,6,41,NaN,NaN,183,NaN
1985,BISVIV,10,6,04-03,6,21,NaN,NaN,NaN,NaN
1985,BISVIV,11,6,02-07,6,55,NaN,NaN,153,NaN
1985,BISVIV,14,6,07-02,6,137,NaN,NaN,161,NaN
1985,BISVIV,32,6,04-03,6,80,NaN,NaN,168,NaN
1985,BISVIV,2,7,01-01,7,45,NaN,NaN,NaN,NaN
1985,BISVIV,3,7,01-03,7,107,NaN,NaN,161,NaN
1985,BISVIV,9,7,01-03,7,50,NaN,NaN,175,NaN
1985,BISVIV,10,7,03-02,7,65,217,NaN,161,NaN
1985,BISVIV,11,7,04-03,7,123,NaN,203,NaN,NaN
1985,BISVIV,32,7,01-03,7,59,NaN,NaN,161,NaN
1985,BISVIV,82,7,07-02,7,60,NaN,NaN,NaN,NaN
1985,BISVIV,2,8,05-03,8,76,NaN,NaN,NaN,NaN
1985,BISVIV,3,8,02-03,8,36,NaN,NaN,161,NaN
1985,BISVIV,9,1,02-05,8,85,NaN,NaN,183,NaN
1985,BISVIV,10,8,02-03,8,46,NaN,NaN,161,NaN
1985,BISVIV,11,8,08-02,8,130,NaN,210,NaN,NaN
1985,BISVIV,14,8,09-07,8,143,NaN,NaN,161,NaN
1985,BISVIV,24,9,07-06,8,62,NaN,NaN,NaN,NaN
1985,BISVIV,32,8,04-05,8,113,NaN,203,NaN,NaN
1985,BISVIV,82,8,04-02,8,47,NaN,NaN,168,NaN
1985,BISVIV,2,9,07-04,9,47,217,NaN,153,NaN
1985,BISVIV,3,9,03-02,9,107,NaN,NaN,NaN,NaN
1985,BISVIV,9,2,06-05,9,43,NaN,NaN,189,NaN
1985,BISVIV,10,9,02-02,9,71,NaN,NaN,NaN,NaN
1985,BISVIV,11,9,01-07,9,85,NaN,NaN,153,NaN
1985,BISVIV,24,8,08-06,9,101,NaN,NaN,161,NaN
1985,BISVIV,32,9,05-05,9,58,NaN,NaN,NaN,NaN
1985,BISVIV,82,9,05-02,9,90,NaN,NaN,161,NaN
1985,BISVIV,2,10,09-06,10,90,NaN,NaN,NaN,NaN
1985,BISVIV,3,10,01-01,10,150,NaN,NaN,NaN,NaN
1985,BISVIV,9,3,01-05,10,53,NaN,NaN,175,NaN
1985,BISVIV,10,10,07-05,10,57,NaN,NaN,NaN,NaN
1985,BISVIV,11,10,04-03,10,45,NaN,NaN,NaN,NaN
1985,BISVIV,14,10,01-07,10,111,NaN,NaN,NaN,NaN
1985,BISVIV,24,8,07-10,10,75,NaN,NaN,161,NaN
1985,BISVIV,32,10,05-04,10,69,NaN,217,168,NaN
1985,BISVIV,2,8,06-03,11,66,NaN,NaN,153,NaN
1986,ACOROS,1,2,09-05,1,40,NaN,NaN,NaN,NaN
1986,ACOROS,2,1,05-03,1,37,NaN,NaN,NaN,NaN
1986,ACOROS,3,1,09-02,1,130,190,222,NaN,NaN
1986,ACOROS,9,1,01-05,1,57,NaN,NaN,NaN,NaN
1986,ACOROS,10,1,05-06,1,110,NaN,222,NaN,NaN
1986,ACOROS,11,1,06-02,1,115,NaN,NaN,NaN,NaN
1986,ACOROS,12,1,05-03,1,60,NaN,NaN,NaN,NaN
1986,ACOROS,14,1,06-04,1,165,195,209,NaN,NaN
1986,ACOROS,24,1,06-03,1,92,NaN,NaN,NaN,NaN
1986,ACOROS,32,1,04-03,1,70,NaN,NaN,NaN,NaN
1986,ACOROS,82,1,03-01,1,89,NaN,216,NaN,NaN
1986,ACOROS,1,3,07-06,2,59,NaN,216,NaN,NaN
1986,ACOROS,2,2,06-02,2,75,181,216,NaN,NaN
1986,ACOROS,3,2,02-06,2,81,195,216,NaN,NaN
1986,ACOROS,9,2,02-05,2,45,NaN,NaN,NaN,NaN
1986,ACOROS,10,2,08-05,2,135,NaN,NaN,NaN,NaN
1986,ACOROS,11,2,08-03,2,100,181,209,NaN,NaN
1986,ACOROS,12,2,05-03,2,61,181,216,NaN,NaN
1986,ACOROS,14,2,07-01,2,180,216,222,NaN,NaN
1986,ACOROS,24,2,03-06,2,104,NaN,NaN,NaN,NaN
1986,ACOROS,32,2,05-02,2,66,NaN,NaN,NaN,NaN
1986,ACOROS,82,2,02-08,2,97,NaN,NaN,NaN,NaN
1986,ACOROS,1,5,02-02,3,61,NaN,NaN,NaN,NaN
1986,ACOROS,2,3,06-02,3,74,NaN,NaN,NaN,NaN
1986,ACOROS,3,3,02-05,3,97,NaN,NaN,NaN,NaN
1986,ACOROS,9,3,06-05,3,72,NaN,NaN,NaN,NaN
1986,ACOROS,10,3,09-05,3,95,181,222,NaN,NaN
1986,ACOROS,11,3,04-02,3,69,NaN,209,NaN,NaN
1986,ACOROS,12,3,05-03,3,81,195,216,NaN,NaN
1986,ACOROS,14,3,05-05,3,115,NaN,NaN,NaN,NaN
1986,ACOROS,24,3,03-04,3,131,NaN,NaN,NaN,NaN
1986,ACOROS,32,3,05-02,3,60,181,216,NaN,NaN
1986,ACOROS,82,3,05-03,3,112,190,209,NaN,NaN
1986,ACOROS,1,7,05-01,4,42,NaN,203,NaN,NaN
1986,ACOROS,2,4,06-02,4,66,NaN,209,NaN,NaN
1986,ACOROS,3,4,05-03,4,121,190,216,NaN,NaN
1986,ACOROS,9,4,07-06,4,52,NaN,NaN,NaN,NaN
1986,ACOROS,10,4,09-03,4,135,190,222,NaN,NaN
1986,ACOROS,11,4,05-03,4,105,NaN,NaN,NaN,NaN
1986,ACOROS,12,4,07-02,4,64,NaN,NaN,NaN,NaN
1986,ACOROS,14,4,02-06,4,125,NaN,NaN,NaN,NaN
1986,ACOROS,24,4,06-03,4,122,NaN,NaN,NaN,NaN
1986,ACOROS,32,4,05-03,4,46,181,216,NaN,NaN
1986,ACOROS,82,4,09-01,4,96,NaN,NaN,NaN,NaN
1986,ACOROS,1,10,06-01,5,50,NaN,NaN,NaN,NaN
1986,ACOROS,2,5,08-02,5,75,NaN,NaN,NaN,NaN
1986,ACOROS,3,5,07-03,5,95,190,216,NaN,NaN
1986,ACOROS,10,6,09-01,5,111,190,NaN,NaN,NaN
1986,ACOROS,11,5,05-03,5,124,NaN,NaN,NaN,NaN
1986,ACOROS,12,5,08-03,5,80,174,NaN,NaN,NaN
1986,ACOROS,14,4,02-05,5,135,NaN,NaN,NaN,NaN
1986,ACOROS,24,5,09-08,5,142,NaN,NaN,NaN,NaN
1986,ACOROS,32,5,03-03,5,70,NaN,209,NaN,NaN
1986,ACOROS,82,5,05-02,5,95,NaN,NaN,NaN,NaN
1986,ACOROS,1,2,03-03,6,42,NaN,216,NaN,NaN
1986,ACOROS,2,7,10-02,6,75,NaN,NaN,NaN,NaN
1986,ACOROS,3,6,03-01,6,132,203,216,NaN,NaN
1986,ACOROS,9,6,08-04,6,40,NaN,NaN,NaN,NaN
1986,ACOROS,10,6,04-02,6,94,NaN,209,NaN,NaN
1986,ACOROS,11,6,06-02,6,86,NaN,209,NaN,NaN
1986,ACOROS,12,6,08-03,6,80,174,209,NaN,NaN
1986,ACOROS,14,8,03-08,6,105,NaN,NaN,NaN,NaN
1986,ACOROS,24,6,03-06,6,150,181,216,NaN,NaN
1986,ACOROS,32,6,07-02,6,50,NaN,NaN,NaN,NaN
1986,ACOROS,82,6,03-01,6,70,190,216,NaN,NaN
1986,ACOROS,1,10,02-06,7,45,NaN,NaN,NaN,NaN
1986,ACOROS,2,7,07-03,7,57,NaN,NaN,NaN,NaN
1986,ACOROS,3,7,09-04,7,109,NaN,NaN,NaN,NaN
1986,ACOROS,9,7,07-07,7,80,NaN,NaN,NaN,NaN
1986,ACOROS,10,7,09-04,7,95,190,NaN,NaN,NaN
1986,ACOROS,11,7,05-02,7,54,181,216,NaN,NaN
1986,ACOROS,12,7,09-02,7,50,NaN,209,NaN,NaN
1986,ACOROS,14,8,03-07,7,134,NaN,NaN,NaN,NaN
1986,ACOROS,24,7,02-07,7,81,NaN,216,NaN,NaN
1986,ACOROS,32,7,05-04,7,95,NaN,216,NaN,NaN
1986,ACOROS,82,7,08-03,7,80,NaN,216,NaN,NaN
1986,ACOROS,1,5,05-02,8,90,NaN,NaN,NaN,NaN
1986,ACOROS,2,8,06-02,8,79,NaN,216,NaN,NaN
1986,ACOROS,3,8,06-01,8,101,NaN,NaN,NaN,NaN
1986,ACOROS,9,8,02-05,8,85,NaN,NaN,NaN,NaN
1986,ACOROS,10,8,04-01,8,81,NaN,NaN,NaN,NaN
1986,ACOROS,11,8,07-03,8,75,NaN,209,NaN,NaN
1986,ACOROS,12,8,03-02,8,107,NaN,NaN,NaN,NaN
1986,ACOROS,14,9,08-06,8,120,NaN,216,NaN,NaN
1986,ACOROS,24,7,05-07,8,100,181,209,NaN,NaN
1986,ACOROS,32,8,05-04,8,90,NaN,NaN,NaN,NaN
1986,ACOROS,82,8,06-02,8,82,NaN,216,NaN,NaN
1986,ACOROS,1,9,05-02,9,66,NaN,209,NaN,154
1986,ACOROS,2,9,03-03,9,69,NaN,NaN,NaN,NaN
1986,ACOROS,3,9,06-02,9,96,NaN,216,NaN,NaN
1986,ACOROS,9,9,04-05,9,60,NaN,NaN,NaN,NaN
1986,ACOROS,10,9,03-02,9,119,195,NaN,NaN,NaN
1986,ACOROS,11,9,04-02,9,95,NaN,NaN,NaN,NaN
1986,ACOROS,12,9,08-02,9,86,NaN,NaN,NaN,NaN
1986,ACOROS,14,9,08-06,9,136,NaN,NaN,NaN,NaN
1986,ACOROS,24,9,05-01,9,121,NaN,NaN,NaN,NaN
1986,ACOROS,32,9,08-02,9,55,NaN,NaN,NaN,NaN
1986,ACOROS,82,9,08-04,9,109,NaN,216,NaN,NaN
1986,ACOROS,1,10,05-02,10,46,NaN,NaN,NaN,NaN
1986,ACOROS,2,10,07-02,10,52,NaN,NaN,NaN,NaN
1986,ACOROS,3,10,02-01,10,110,NaN,216,NaN,NaN
1986,ACOROS,9,10,05-05,10,80,NaN,222,NaN,NaN
1986,ACOROS,10,10,06-04,10,125,190,NaN,NaN,NaN
1986,ACOROS,11,10,04-03,10,85,NaN,NaN,NaN,NaN
1986,ACOROS,12,10,04-05,10,90,174,216,NaN,NaN
1986,ACOROS,14,9,10-06,10,139,NaN,216,NaN,NaN
1986,ACOROS,24,9,05-06,10,200,181,216,NaN,NaN
1986,ACOROS,32,10,03-04,10,70,NaN,216,NaN,NaN
1986,ACOROS,82,10,05-03,10,90,NaN,216,NaN,NaN
1986,BISBIS,1,1,02-01,1,171,190,NaN,NaN,NaN
1986,BISBIS,2,1,07-03,1,99,NaN,NaN,NaN,NaN
1986,BISBIS,3,1,03-03,1,139,NaN,NaN,NaN,NaN
1986,BISBIS,9,3,10-02,1,163,229,NaN,NaN,NaN
1986,BISBIS,10,1,06-02,1,166,NaN,NaN,NaN,NaN
1986,BISBIS,11,1,06-04,1,132,NaN,NaN,NaN,NaN
1986,BISBIS,12,1,02-02,1,112,195,NaN,NaN,NaN
1986,BISBIS,14,1,06-04,1,145,NaN,NaN,NaN,NaN
1986,BISBIS,24,1,01-01,1,134,203,229,NaN,NaN
1986,BISBIS,32,1,08-01,1,155,190,NaN,NaN,NaN
1986,BISBIS,82,1,05-07,1,153,203,229,NaN,NaN
1986,BISBIS,1,1,08-05,2,142,203,NaN,NaN,NaN
1986,BISBIS,2,2,02-01,2,106,195,NaN,NaN,NaN
1986,BISBIS,3,2,02-04,2,95,NaN,NaN,NaN,NaN
1986,BISBIS,9,7,10-10,2,145,NaN,NaN,NaN,NaN
1986,BISBIS,10,2,06-03,2,135,NaN,NaN,NaN,NaN
1986,BISBIS,11,2,06-03,2,135,203,NaN,NaN,NaN
1986,BISBIS,12,2,03-05,2,114,190,NaN,NaN,NaN
1986,BISBIS,24,3,03-04,2,125,NaN,NaN,NaN,NaN
1986,BISBIS,32,2,08-01,2,110,190,NaN,NaN,NaN
1986,BISBIS,82,2,06-08,2,136,NaN,229,NaN,NaN
1986,BISBIS,1,3,05-05,3,89,NaN,NaN,NaN,NaN
1986,BISBIS,2,3,08-02,3,81,NaN,NaN,NaN,NaN
1986,BISBIS,3,3,02-04,3,154,209,NaN,NaN,NaN
1986,BISBIS,9,7,08-10,3,120,NaN,NaN,NaN,NaN
1986,BISBIS,10,3,06-01,3,162,203,NaN,NaN,NaN
1986,BISBIS,11,3,08-06,3,999,NaN,NaN,NaN,NaN
1986,BISBIS,12,3,06-02,3,115,195,NaN,NaN,NaN
1986,BISBIS,14,3,08-01,3,225,NaN,NaN,NaN,NaN
1986,BISBIS,24,4,09-08,3,214,NaN,NaN,NaN,NaN
1986,BISBIS,32,3,10-05,3,135,NaN,NaN,NaN,NaN
1986,BISBIS,82,3,07-01,3,170,203,229,NaN,NaN
1986,BISBIS,1,3,01-06,4,94,NaN,NaN,NaN,NaN
1986,BISBIS,2,4,05-02,4,104,NaN,NaN,NaN,NaN
1986,BISBIS,3,4,01-02,4,150,209,NaN,NaN,NaN
1986,BISBIS,9,7,07-10,4,112,NaN,NaN,NaN,NaN
1986,BISBIS,10,4,07-04,4,127,209,NaN,NaN,NaN
1986,BISBIS,11,4,01-04,4,102,NaN,NaN,NaN,NaN
1986,BISBIS,12,4,04-02,4,114,195,NaN,NaN,NaN
1986,BISBIS,14,4,03-04,4,159,NaN,NaN,NaN,NaN
1986,BISBIS,24,4,07-01,4,134,209,229,NaN,NaN
1986,BISBIS,32,4,04-01,4,180,195,NaN,NaN,NaN
1986,BISBIS,82,4,05-07,4,137,209,229,NaN,NaN
1986,BISBIS,1,4,01-03,5,129,NaN,NaN,NaN,NaN
1986,BISBIS,2,5,05-01,5,119,NaN,NaN,NaN,NaN
1986,BISBIS,3,4,07-07,5,115,NaN,NaN,NaN,NaN
1986,BISBIS,9,7,02-10,5,121,NaN,NaN,NaN,NaN
1986,BISBIS,10,5,03-02,5,155,NaN,NaN,NaN,NaN
1986,BISBIS,11,5,07-06,5,125,190,NaN,NaN,NaN
1986,BISBIS,12,5,06-04,5,127,NaN,209,NaN,NaN
1986,BISBIS,14,5,07-02,5,156,216,NaN,NaN,NaN
1986,BISBIS,24,5,01-03,5,141,203,NaN,NaN,NaN
1986,BISBIS,32,4,04-08,5,177,190,NaN,NaN,NaN
1986,BISBIS,82,4,06-07,5,121,NaN,NaN,NaN,NaN
1986,BISBIS,1,5,01-03,6,126,195,NaN,NaN,NaN
1986,BISBIS,2,6,05-04,6,126,NaN,NaN,NaN,NaN
1986,BISBIS,3,6,01-03,6,194,203,229,NaN,NaN
1987,ACOROS,1,2,09-05,1,41,NaN,NaN,216,216
1987,ACOROS,2,1,05-03,1,34,NaN,NaN,NaN,NaN
1987,ACOROS,3,1,09-02,1,127,174,216,NaN,NaN
1987,ACOROS,9,1,02-06,1,46,NaN,NaN,NaN,NaN
1987,ACOROS,10,1,05-06,1,112,167,NaN,NaN,NaN
1987,ACOROS,11,1,06-02,1,112,NaN,216,216,NaN
1987,ACOROS,12,1,05-03,1,69,NaN,NaN,NaN,NaN
1987,ACOROS,14,1,04-04,1,141,NaN,223,NaN,NaN
1987,ACOROS,16,1,05-08,1,55,NaN,NaN,NaN,223
1987,ACOROS,19,1,03-05,1,65,202,NaN,NaN,NaN
1987,ACOROS,24,1,06-03,1,73,NaN,NaN,NaN,NaN
1987,ACOROS,32,1,04-02,1,63,NaN,NaN,NaN,NaN
1987,ACOROS,82,1,03-01,1,81,181,223,NaN,NaN
1987,ACOROS,1,3,07-06,2,55,160,NaN,NaN,NaN
1987,ACOROS,2,2,06-02,2,77,NaN,NaN,NaN,223
1987,ACOROS,3,2,02-06,2,82,181,216,NaN,NaN
1987,ACOROS,9,2,02-05,2,52,NaN,NaN,NaN,NaN
1987,ACOROS,10,2,08-05,2,106,167,NaN,NaN,NaN
1987,ACOROS,11,2,08-03,2,96,NaN,NaN,NaN,NaN
1987,ACOROS,12,2,05-03,2,57,160,216,216,NaN
1987,ACOROS,14,2,07-01,2,140,202,NaN,223,NaN
1987,ACOROS,16,2,04-07,2,57,NaN,NaN,NaN,NaN
1987,ACOROS,19,1,04-05,2,50,NaN,NaN,223,NaN
1987,ACOROS,24,2,02-07,2,87,NaN,NaN,216,NaN
1987,ACOROS,32,2,05-02,2,54,NaN,NaN,202,NaN
1987,ACOROS,82,2,02-08,2,90,NaN,209,NaN,NaN
1987,ACOROS,1,5,02-02,3,63,167,NaN,NaN,NaN
1987,ACOROS,2,3,06-02,3,78,NaN,NaN,223,223
1987,ACOROS,3,3,02-05,3,105,174,216,NaN,NaN
1987,ACOROS,9,3,06-05,3,86,NaN,NaN,NaN,NaN
1987,ACOROS,10,3,09-05,3,85,167,216,202,216
1987,ACOROS,11,3,04-02,3,68,NaN,NaN,NaN,NaN
1987,ACOROS,12,3,05-03,3,61,167,NaN,NaN,NaN
1987,ACOROS,14,3,05-05,3,87,NaN,NaN,NaN,NaN
1987,ACOROS,16,3,04-04,3,57,NaN,NaN,223,NaN
1987,ACOROS,19,1,04-07,3,55,NaN,NaN,NaN,NaN
1987,ACOROS,24,3,03-04,3,137,NaN,216,NaN,NaN
1987,ACOROS,32,3,05-02,3,48,NaN,202,NaN,NaN
1987,ACOROS,82,3,05-03,3,107,181,209,NaN,NaN
1987,ACOROS,1,7,05-01,4,46,160,NaN,NaN,NaN
1987,ACOROS,2,4,06-02,4,65,NaN,NaN,202,223
1987,ACOROS,3,4,05-03,4,112,167,216,NaN,NaN
1987,ACOROS,9,4,07-06,4,60,NaN,NaN,NaN,NaN
1987,ACOROS,10,4,09-03,4,132,167,NaN,202,NaN
1987,ACOROS,11,4,05-03,4,89,NaN,NaN,216,216
1987,ACOROS,12,4,07-02,4,57,167,NaN,216,NaN
1987,ACOROS,14,4,02-06,4,127,175,223,NaN,NaN
1987,ACOROS,16,4,06-02,4,50,NaN,NaN,223,NaN
1987,ACOROS,19,1,05-07,4,60,NaN,NaN,NaN,NaN
1987,ACOROS,24,4,06-03,4,105,NaN,NaN,NaN,NaN
1987,ACOROS,32,4,05-03,4,55,NaN,223,NaN,NaN
1987,ACOROS,82,4,09-01,4,100,NaN,NaN,NaN,NaN
1987,ACOROS,1,10,06-01,5,55,167,216,202,216
1987,ACOROS,2,5,08-02,5,70,NaN,223,202,NaN
1987,ACOROS,3,5,07-03,5,99,188,216,216,NaN
1987,ACOROS,9,5,10-01,5,101,NaN,NaN,223,NaN
1987,ACOROS,10,6,09-01,5,110,167,NaN,NaN,NaN
1987,ACOROS,11,5,05-03,5,96,NaN,NaN,216,NaN
1987,ACOROS,12,5,08-03,5,75,160,216,NaN,NaN
1987,ACOROS,14,4,02-01,5,155,188,223,NaN,NaN
1987,ACOROS,16,4,01-03,5,60,NaN,NaN,223,NaN
1987,ACOROS,19,4,06-03,5,82,202,NaN,NaN,NaN
1987,ACOROS,24,5,09-08,5,121,NaN,216,NaN,NaN
1987,ACOROS,32,5,04-03,5,79,NaN,NaN,NaN,NaN
1987,ACOROS,82,5,05-02,5,96,209,NaN,NaN,NaN
1987,ACOROS,1,2,03-03,6,46,NaN,NaN,NaN,202
1987,ACOROS,2,7,10-02,6,69,NaN,NaN,202,NaN
1987,ACOROS,3,6,03-01,6,110,NaN,216,216,NaN
1987,ACOROS,9,6,07-04,6,54,NaN,NaN,223,NaN
1987,ACOROS,10,6,04-02,6,80,167,NaN,NaN,NaN
1987,ACOROS,11,6,06-02,6,84,NaN,NaN,NaN,NaN
1987,ACOROS,12,6,08-03,6,79,NaN,216,NaN,NaN
1987,ACOROS,14,8,03-08,6,138,175,NaN,NaN,NaN
1987,ACOROS,16,6,09-03,6,45,NaN,NaN,NaN,223
1987,ACOROS,19,4,05-03,6,77,NaN,NaN,NaN,NaN
1987,ACOROS,24,6,03-06,6,117,NaN,NaN,NaN,NaN
1987,ACOROS,32,6,07-02,6,56,NaN,223,NaN,NaN
1987,ACOROS,82,6,03-01,6,60,195,NaN,NaN,NaN
1987,ACOROS,1,10,02-06,7,51,NaN,NaN,202,202
1987,ACOROS,2,7,07-03,7,54,NaN,NaN,NaN,NaN
1987,ACOROS,3,7,09-04,7,102,167,NaN,NaN,NaN
1987,ACOROS,9,7,07-07,7,90,NaN,NaN,NaN,NaN
1987,ACOROS,10,7,09-04,7,97,167,NaN,216,NaN
1987,ACOROS,11,7,05-02,7,53,NaN,NaN,NaN,NaN
1987,ACOROS,12,7,09-02,7,50,NaN,NaN,NaN,NaN
1987,ACOROS,14,8,03-07,7,137,NaN,NaN,NaN,NaN
1987,ACOROS,16,7,05-03,7,49,NaN,223,223,NaN
1987,ACOROS,19,4,05-04,7,65,202,NaN,NaN,NaN
1987,ACOROS,24,7,02-07,7,85,175,216,NaN,NaN
1987,ACOROS,32,7,05-04,7,41,NaN,223,NaN,NaN
1987,ACOROS,82,7,08-03,7,77,202,NaN,NaN,NaN
1987,ACOROS,1,5,05-02,8,95,167,NaN,NaN,NaN
1987,ACOROS,2,8,06-02,8,78,NaN,NaN,223,223
1987,ACOROS,3,8,06-01,8,97,NaN,NaN,216,NaN
1987,ACOROS,9,8,02-05,8,93,NaN,NaN,223,NaN
1987,ACOROS,10,8,04-01,8,76,181,NaN,NaN,202
1987,ACOROS,11,8,07-03,8,74,NaN,NaN,NaN,NaN
1987,ACOROS,12,8,03-02,8,93,NaN,NaN,216,NaN
1987,ACOROS,14,9,08-06,8,82,NaN,NaN,NaN,NaN
1987,ACOROS,16,8,08-02,8,58,202,NaN,NaN,223
1987,ACOROS,19,4,06-04,8,67,202,NaN,NaN,NaN
1987,ACOROS,24,7,05-08,8,97,NaN,216,NaN,NaN
1987,ACOROS,32,8,05-04,8,112,174,223,NaN,NaN
1987,ACOROS,82,8,06-02,8,76,NaN,202,NaN,NaN
1987,ACOROS,1,9,05-02,9,57,160,NaN,202,216
1987,ACOROS,2,9,03-03,9,73,NaN,NaN,NaN,NaN
1987,ACOROS,3,9,06-02,9,86,181,216,216,NaN
1987,ACOROS,9,9,04-05,9,72,NaN,NaN,NaN,NaN
1987,ACOROS,10,9,03-02,9,114,167,NaN,NaN,NaN
1987,ACOROS,11,9,04-02,9,86,NaN,NaN,NaN,NaN
1987,ACOROS,12,9,08-02,9,85,167,216,216,NaN
1987,ACOROS,14,9,08-06,9,94,NaN,NaN,NaN,NaN
1987,ACOROS,16,9,05-03,9,87,NaN,NaN,223,NaN
1987,ACOROS,19,4,07-04,9,65,202,NaN,NaN,NaN
1987,ACOROS,24,9,05-01,9,109,NaN,NaN,NaN,NaN
1987,ACOROS,32,9,08-02,9,51,NaN,NaN,NaN,NaN
1987,ACOROS,82,9,08-04,9,81,181,202,NaN,NaN
1987,ACOROS,1,10,05-02,10,51,NaN,NaN,NaN,NaN
1987,ACOROS,2,10,07-02,10,55,NaN,NaN,223,NaN
1987,ACOROS,3,10,02-01,10,104,NaN,216,NaN,NaN
1987,ACOROS,9,10,05-05,10,91,188,NaN,NaN,NaN
1987,ACOROS,10,10,06-04,10,100,188,188,216,NaN
1987,ACOROS,11,10,04-03,10,84,NaN,NaN,NaN,NaN
1987,ACOROS,12,10,04-05,10,86,167,216,NaN,NaN
1987,ACOROS,14,9,10-06,10,81,NaN,NaN,NaN,NaN
1987,ACOROS,16,10,03-04,10,90,NaN,NaN,NaN,NaN
1987,ACOROS,19,4,08-04,10,65,NaN,NaN,NaN,NaN
1987,ACOROS,24,9,05-06,10,177,175,NaN,NaN,NaN
1987,ACOROS,32,10,03-04,10,70,NaN,202,NaN,NaN
1987,ACOROS,82,10,05-03,10,82,188,202,NaN,NaN
1987,BISBIS,1,1,02-01,1,170,195,216,NaN,NaN
1987,BISBIS,2,1,07-03,1,114,NaN,NaN,202,NaN
1987,BISBIS,3,1,03-03,1,131,NaN,NaN,223,NaN
1987,BISBIS,9,3,10-02,1,145,NaN,NaN,NaN,NaN
1987,BISBIS,10,1,06-02,1,156,NaN,NaN,223,NaN
1987,BISBIS,11,1,06-04,1,113,188,NaN,NaN,NaN
1987,BISBIS,12,1,02-02,1,119,NaN,NaN,NaN,NaN
1987,BISBIS,14,1,04-04,1,110,NaN,NaN,NaN,NaN
1987,BISBIS,16,1,10-01,1,103,202,NaN,NaN,NaN
1987,BISBIS,24,1,01-01,1,145,NaN,NaN,NaN,NaN
1987,BISBIS,32,1,08-01,1,136,188,223,NaN,NaN
1987,BISBIS,82,1,05-07,1,140,NaN,NaN,NaN,NaN
1987,BISBIS,1,1,08-05,2,123,188,216,NaN,NaN
1987,BISBIS,2,2,02-01,2,109,NaN,NaN,209,NaN
1987,BISBIS,3,2,02-04,2,90,NaN,NaN,223,NaN
1987,BISBIS,9,7,10-10,2,119,NaN,NaN,NaN,NaN
1987,BISBIS,10,2,06-03,2,115,202,211,NaN,NaN
1987,BISBIS,11,2,06-03,2,128,NaN,NaN,202,202
1987,BISBIS,12,2,03-05,2,115,NaN,NaN,216,NaN
1987,BISBIS,14,2,02-06,2,227,NaN,NaN,NaN,NaN
1987,BISBIS,16,2,02-01,2,78,209,NaN,NaN,NaN
1987,BISBIS,24,3,03-04,2,175,NaN,NaN,NaN,NaN
1987,BISBIS,32,2,08-01,2,108,NaN,NaN,209,NaN
1987,BISBIS,82,2,06-08,2,134,NaN,NaN,NaN,NaN
1987,BISBIS,1,3,05-05,3,86,NaN,NaN,216,NaN
1987,BISBIS,2,3,08-02,3,90,NaN,NaN,NaN,NaN
1987,BISBIS,3,3,02-04,3,165,NaN,NaN,223,NaN
1987,BISBIS,9,7,08-10,3,115,NaN,NaN,NaN,NaN
1987,BISBIS,10,3,06-01,3,142,188,211,223,NaN
1987,BISBIS,11,3,08-06,3,95,NaN,NaN,202,216
1987,BISBIS,12,3,06-02,3,113,NaN,NaN,216,NaN
1987,BISBIS,14,3,08-01,3,150,NaN,NaN,NaN,NaN
1987,BISBIS,16,3,06-06,3,85,NaN,NaN,223,NaN
1987,BISBIS,24,4,09-08,3,179,NaN,NaN,223,NaN
1987,BISBIS,32,3,10-03,3,114,NaN,223,NaN,NaN
1987,BISBIS,82,3,07-01,3,157,195,NaN,NaN,NaN
1987,BISBIS,1,3,01-06,4,100,NaN,NaN,NaN,NaN
1987,BISBIS,2,4,05-02,4,102,NaN,NaN,NaN,NaN
1987,BISBIS,3,4,01-02,4,140,188,NaN,223,NaN
1987,BISBIS,9,7,07-10,4,109,NaN,NaN,NaN,NaN
1987,BISBIS,10,4,07-04,4,110,188,NaN,NaN,NaN
1987,BISBIS,11,4,01-04,4,115,NaN,NaN,202,NaN
1987,BISBIS,12,4,04-02,4,117,188,216,216,NaN
1987,BISBIS,14,4,03-04,4,128,NaN,NaN,NaN,NaN
1987,BISBIS,16,4,06-06,4,81,202,NaN,NaN,NaN
1987,BISBIS,24,4,07-01,4,125,NaN,NaN,NaN,NaN
1987,BISBIS,32,4,04-01,4,160,NaN,NaN,202,NaN
1987,BISBIS,82,4,05-07,4,98,202,NaN,NaN,NaN
1987,BISBIS,1,4,01-03,5,121,NaN,NaN,NaN,NaN
1987,BISBIS,2,5,05-01,5,125,NaN,NaN,NaN,NaN
1987,BISBIS,3,4,07-07,5,111,188,223,NaN,NaN
1987,BISBIS,9,7,06-10,5,107,NaN,NaN,NaN,NaN
1987,BISBIS,10,5,03-02,5,159,NaN,NaN,NaN,NaN
1987,BISBIS,11,5,07-06,5,101,195,216,NaN,NaN
1987,BISBIS,12,5,06-04,5,117,NaN,NaN,216,NaN
1987,BISBIS,14,5,07-02,5,123,NaN,223,NaN,NaN
1987,BISBIS,16,5,05-04,5,86,NaN,NaN,NaN,NaN
1987,BISBIS,24,5,01-03,5,124,202,NaN,NaN,NaN
1987,BISBIS,32,4,04-08,5,149,NaN,223,NaN,NaN
1987,BISBIS,82,4,06-06,5,111,195,NaN,NaN,NaN
1987,BISBIS,1,5,01-03,6,118,188,216,NaN,NaN
1987,BISBIS,2,6,05-04,6,115,188,209,209,NaN
1987,BISBIS,3,6,01-03,6,184,188,NaN,NaN,NaN
1987,BISBIS,9,7,01-09,6,134,NaN,NaN,NaN,NaN
1987,BISBIS,10,6,05-05,6,150,NaN,NaN,NaN,NaN
1987,BISBIS,11,6,06-01,6,124,NaN,NaN,NaN,NaN
1987,BISBIS,12,6,06-02,6,115,NaN,NaN,202,NaN
1987,BISBIS,16,6,06-01,6,101,NaN,NaN,NaN,NaN
1987,BISBIS,24,6,09-02,6,113,NaN,NaN,NaN,NaN
1987,BISBIS,32,6,06-07,6,149,188,223,NaN,NaN
1987,BISBIS,82,6,04-04,6,135,202,NaN,NaN,NaN
1987,BISBIS,1,6,01-04,7,130,NaN,NaN,216,NaN
1987,BISBIS,2,7,06-04,7,114,NaN,NaN,NaN,NaN
1987,BISBIS,3,7,07-05,7,175,195,NaN,223,223
1987,BISBIS,9,9,02-08,7,132,NaN,NaN,NaN,NaN
1987,BISBIS,10,7,04-06,7,124,NaN,NaN,NaN,NaN
1987,BISBIS,11,7,03-06,7,165,NaN,NaN,NaN,NaN
1987,BISBIS,12,7,07-05,7,115,NaN,NaN,202,NaN
1987,BISBIS,14,7,03-01,7,125,195,223,NaN,NaN
1987,BISBIS,16,7,06-01,7,67,NaN,NaN,NaN,NaN
1987,BISBIS,24,6,04-02,7,98,NaN,NaN,NaN,NaN
1987,BISBIS,32,6,04-10,7,129,188,209,NaN,NaN
1987,BISBIS,82,6,04-02,7,128,195,NaN,NaN,NaN
1987,BISBIS,1,8,02-09,8,91,NaN,NaN,216,NaN
1987,BISBIS,2,9,09-04,8,141,NaN,NaN,209,NaN
1987,BISBIS,3,8,05-01,8,113,188,209,223,NaN
1987,BISBIS,9,9,02-08,8,141,NaN,NaN,NaN,NaN
1987,BISBIS,10,8,04-02,8,100,202,211,NaN,NaN
1987,BISBIS,11,8,01-05,8,168,188,216,NaN,NaN
1987,BISBIS,12,8,08-01,8,115,NaN,NaN,216,NaN
1987,BISBIS,14,8,05-02,8,202,NaN,NaN,NaN,NaN
1987,BISBIS,16,8,04-03,8,90,202,NaN,NaN,NaN
1987,BISBIS,24,6,07-09,8,172,188,223,NaN,NaN
1987,BISBIS,32,9,07-01,8,115,NaN,NaN,209,NaN
1987,BISBIS,82,3,02-08,8,132,195,NaN,NaN,NaN
1987,BISBIS,1,9,05-03,9,100,195,216,NaN,NaN
1987,BISBIS,2,9,02-02,9,90,195,NaN,209,NaN
1987,BISBIS,3,9,05-01,9,160,195,NaN,223,NaN
1987,BISBIS,9,9,01-09,9,163,NaN,NaN,NaN,NaN
1987,BISBIS,10,9,06-02,9,144,NaN,NaN,211,NaN
1987,BISBIS,11,9,05-02,9,101,188,NaN,NaN,NaN
1987,BISBIS,12,9,03-03,9,129,NaN,216,NaN,NaN
1987,BISBIS,14,9,03-07,9,201,NaN,NaN,NaN,NaN
1987,BISBIS,16,9,05-05,9,74,NaN,NaN,NaN,NaN
1987,BISBIS,24,8,08-08,9,75,NaN,NaN,223,NaN
1987,BISBIS,32,9,07-05,9,119,NaN,NaN,223,NaN
1987,BISBIS,82,10,02-02,9,102,NaN,NaN,NaN,NaN
1987,BISBIS,1,10,08-04,10,145,NaN,NaN,NaN,216
1987,BISBIS,2,10,06-04,10,121,188,209,NaN,NaN
1987,BISBIS,3,10,06-01,10,179,202,NaN,NaN,NaN
1987,BISBIS,9,9,07-02,10,134,223,NaN,NaN,NaN
1987,BISBIS,10,10,04-01,10,92,202,223,NaN,NaN
1987,BISBIS,11,10,05-05,10,140,NaN,216,NaN,NaN
1987,BISBIS,12,10,04-03,10,114,188,216,202,NaN
1987,BISBIS,14,8,06-10,10,129,NaN,NaN,NaN,NaN
1987,BISBIS,16,10,06-03,10,83,NaN,NaN,NaN,NaN
1987,BISBIS,24,6,05-10,10,145,188,223,NaN,NaN
1987,BISBIS,32,10,09-08,10,136,188,223,NaN,NaN
1987,BISBIS,82,10,10-03,10,162,202,NaN,NaN,NaN
1987,BISBIS,14,10,04-07,11,107,188,223,NaN,NaN
1987,BISBIS,14,10,02-07,12,101,NaN,NaN,NaN,NaN
1987,BISBIS,14,7,07-04,13,108,NaN,NaN,NaN,NaN
1987,BISBIS,14,10,01-07,14,52,NaN,NaN,NaN,NaN
1987,BISBIS,14,2,08-03,15,190,195,NaN,NaN,NaN
1987,BISBIS,14,5,05-04,16,57,NaN,NaN,NaN,NaN
1987,BISVIV,2,1,09-03,1,67,NaN,223,209,NaN
1987,BISVIV,3,1,07-02,1,52,NaN,NaN,202,NaN
1987,BISVIV,9,1,04-05,1,65,NaN,NaN,NaN,NaN
1987,BISVIV,10,1,09-01,1,45,NaN,216,NaN,NaN
1987,BISVIV,11,1,07-03,1,97,NaN,NaN,NaN,NaN
1987,BISVIV,24,1,03-02,1,71,NaN,NaN,NaN,NaN
1987,BISVIV,32,1,07-04,1,64,NaN,NaN,NaN,NaN
1987,BISVIV,82,1,05-04,1,48,NaN,223,NaN,NaN
1987,BISVIV,2,2,01-04,2,37,NaN,NaN,NaN,NaN
1987,BISVIV,3,2,07-04,2,105,NaN,NaN,202,NaN
1987,BISVIV,9,2,09-04,2,49,NaN,NaN,NaN,NaN
1987,BISVIV,10,2,08-02,2,55,NaN,NaN,NaN,NaN
1987,BISVIV,11,2,08-03,2,42,NaN,211,NaN,NaN
1987,BISVIV,14,2,08-04,2,74,NaN,NaN,NaN,NaN
1987,BISVIV,24,2,06-05,2,43,NaN,NaN,NaN,NaN
1987,BISVIV,32,2,05-01,2,64,NaN,NaN,NaN,NaN
1987,BISVIV,82,2,07-02,2,79,NaN,223,NaN,NaN
1987,BISVIV,2,3,03-05,3,47,NaN,NaN,223,NaN
1987,BISVIV,3,3,05-03,3,130,NaN,NaN,202,NaN
1987,BISVIV,9,3,08-04,3,74,NaN,NaN,NaN,NaN
1987,BISVIV,10,3,03-04,3,58,NaN,216,NaN,NaN
1987,BISVIV,11,3,02-07,3,139,NaN,211,NaN,NaN
1987,BISVIV,24,3,09-04,3,67,NaN,NaN,NaN,NaN
1987,BISVIV,32,3,02-02,3,52,NaN,NaN,209,NaN
1987,BISVIV,82,3,07-01,3,80,NaN,NaN,NaN,NaN
1987,BISVIV,2,4,07-02,4,65,NaN,NaN,NaN,NaN
1987,BISVIV,3,4,05-09,4,42,NaN,NaN,NaN,NaN
1987,BISVIV,9,4,08-03,4,65,NaN,NaN,NaN,NaN
1987,BISVIV,10,4,08-03,4,122,195,216,216,NaN
1987,BISVIV,11,4,07-08,4,98,NaN,NaN,211,NaN
1987,BISVIV,24,4,03-02,4,90,NaN,209,NaN,NaN
1987,BISVIV,32,4,07-02,4,77,NaN,NaN,NaN,NaN
1987,BISVIV,82,4,05-05,4,56,NaN,223,NaN,NaN
1987,BISVIV,2,5,01-02,5,46,NaN,223,209,NaN
1987,BISVIV,3,5,08-06,5,86,NaN,NaN,NaN,NaN
1987,BISVIV,9,5,04-04,5,50,NaN,NaN,NaN,NaN
1987,BISVIV,10,5,02-03,5,64,NaN,NaN,NaN,NaN
1987,BISVIV,11,5,03-05,5,57,NaN,NaN,NaN,NaN
1987,BISVIV,24,5,10-04,5,85,NaN,NaN,NaN,NaN
1987,BISVIV,32,5,07-01,5,107,NaN,NaN,NaN,NaN
1987,BISVIV,82,5,05-02,5,71,NaN,223,NaN,NaN
1987,BISVIV,2,6,01-01,6,94,NaN,209,NaN,NaN
1987,BISVIV,3,6,09-05,6,150,NaN,NaN,216,NaN
1987,BISVIV,9,6,09-04,6,77,NaN,NaN,NaN,NaN
1987,BISVIV,10,6,04-03,6,24,NaN,NaN,NaN,NaN
1987,BISVIV,11,6,02-07,6,50,NaN,211,NaN,NaN
1987,BISVIV,14,6,07-02,6,132,202,223,NaN,NaN
1987,BISVIV,24,6,03-03,6,69,NaN,NaN,NaN,NaN
1987,BISVIV,32,6,04-03,6,85,NaN,NaN,NaN,NaN
1987,BISVIV,82,6,07-02,6,75,NaN,223,NaN,NaN
1987,BISVIV,2,7,01-09,7,71,NaN,209,209,NaN
1987,BISVIV,3,7,01-03,7,117,NaN,NaN,202,NaN
1987,BISVIV,9,7,01-03,7,60,NaN,223,NaN,NaN
1987,BISVIV,10,7,03-02,7,50,NaN,216,NaN,NaN
1987,BISVIV,11,7,04-03,7,121,NaN,211,NaN,NaN
1987,BISVIV,24,8,08-08,7,52,NaN,NaN,NaN,NaN
1987,BISVIV,32,7,01-03,7,67,NaN,223,NaN,NaN
1987,BISVIV,82,7,07-02,7,76,NaN,223,NaN,NaN
1987,BISVIV,2,8,05-03,8,72,NaN,209,209,223
1987,BISVIV,3,8,02-03,8,27,NaN,NaN,NaN,NaN
1987,BISVIV,9,1,02-05,8,71,NaN,NaN,NaN,NaN
1987,BISVIV,10,8,02-03,8,44,NaN,216,NaN,NaN
1987,BISVIV,11,8,08-02,8,103,NaN,223,NaN,NaN
1987,BISVIV,14,8,09-07,8,130,NaN,NaN,209,NaN
1987,BISVIV,24,5,04-02,8,92,NaN,223,NaN,NaN
1987,BISVIV,32,8,04-05,8,120,NaN,223,NaN,NaN
1987,BISVIV,82,8,04-02,8,46,NaN,NaN,223,NaN
1987,BISVIV,2,9,07-04,9,43,209,223,NaN,NaN
1987,BISVIV,3,9,03-02,9,97,NaN,NaN,216,NaN
1987,BISVIV,9,2,06-05,9,35,NaN,NaN,223,NaN
1987,BISVIV,10,9,02-02,9,58,NaN,216,NaN,NaN
1987,BISVIV,11,9,01-07,9,75,NaN,NaN,NaN,NaN
1987,BISVIV,14,9,99-99,9,53,NaN,NaN,NaN,NaN
1987,BISVIV,24,8,08-06,9,65,NaN,NaN,NaN,NaN
1987,BISVIV,32,9,06-07,9,77,NaN,223,NaN,NaN
1987,BISVIV,82,9,05-01,9,86,NaN,223,223,NaN
1987,BISVIV,2,10,09-06,10,91,NaN,209,NaN,NaN
1987,BISVIV,3,10,01-01,10,134,202,NaN,NaN,NaN
1987,BISVIV,9,3,01-04,10,43,NaN,NaN,NaN,NaN
1987,BISVIV,10,10,07-06,10,61,NaN,NaN,NaN,216
1987,BISVIV,11,10,04-03,10,55,NaN,NaN,223,NaN
1987,BISVIV,14,10,01-07,10,999,NaN,NaN,NaN,NaN
1987,BISVIV,24,8,07-10,10,80,NaN,NaN,223,NaN
1987,BISVIV,32,10,05-04,10,53,NaN,NaN,NaN,NaN
1987,BISVIV,82,10,03-07,10,63,NaN,223,NaN,NaN
1987,BISVIV,2,8,06-03,11,49,NaN,223,NaN,NaN
1988,ACOROS,1,2,09-05,1,47,NaN,NaN,210,NaN
1988,ACOROS,2,1,05-03,1,32,NaN,NaN,217,NaN
1988,ACOROS,3,1,09-02,1,136,NaN,217,217,NaN
1988,ACOROS,9,1,02-06,1,49,NaN,NaN,210,217
1988,ACOROS,10,1,05-06,1,122,NaN,NaN,NaN,NaN
1988,ACOROS,11,1,06-02,1,117,NaN,NaN,217,NaN
1988,ACOROS,12,1,05-03,1,67,NaN,NaN,209,NaN
1988,ACOROS,14,1,04-04,1,144,NaN,209,NaN,NaN
1988,ACOROS,16,1,05-08,1,60,NaN,NaN,NaN,NaN
1988,ACOROS,19,1,03-05,1,64,NaN,NaN,NaN,NaN
1988,ACOROS,24,1,06-03,1,54,NaN,NaN,NaN,NaN
1988,ACOROS,32,1,04-02,1,72,NaN,NaN,217,NaN
1988,ACOROS,82,1,03-01,1,95,NaN,NaN,NaN,NaN
1988,ACOROS,1,3,07-06,2,71,NaN,NaN,NaN,NaN
1988,ACOROS,2,2,06-02,2,96,NaN,217,NaN,NaN
1988,ACOROS,3,2,02-06,2,86,NaN,NaN,217,NaN
1988,ACOROS,9,2,02-05,2,54,NaN,NaN,210,NaN
1988,ACOROS,10,2,08-05,2,138,NaN,217,209,NaN
1988,ACOROS,11,2,08-03,2,104,NaN,NaN,217,NaN
1988,ACOROS,12,2,05-03,2,65,NaN,NaN,209,217
1988,ACOROS,14,2,09-01,2,145,183,NaN,NaN,218
1988,ACOROS,16,2,04-07,2,59,NaN,NaN,NaN,NaN
1988,ACOROS,19,1,04-05,2,50,NaN,NaN,NaN,NaN
1988,ACOROS,24,2,02-07,2,96,NaN,NaN,209,NaN
1988,ACOROS,32,2,05-02,2,64,NaN,NaN,217,NaN
1988,ACOROS,82,2,02-08,2,87,NaN,NaN,217,NaN
1988,ACOROS,1,5,02-02,3,78,NaN,NaN,210,217
1988,ACOROS,2,3,06-02,3,79,NaN,NaN,210,NaN
1988,ACOROS,3,3,02-05,3,108,NaN,NaN,217,NaN
1988,ACOROS,9,3,06-05,3,81,NaN,NaN,NaN,NaN
1988,ACOROS,10,3,09-05,3,70,NaN,NaN,209,217
1988,ACOROS,11,3,04-02,3,78,NaN,NaN,NaN,NaN
1988,ACOROS,12,3,05-03,3,83,NaN,NaN,209,NaN
1988,ACOROS,14,3,05-05,3,51,NaN,NaN,NaN,NaN
1988,ACOROS,16,3,04-04,3,40,NaN,NaN,209,NaN
1988,ACOROS,19,1,04-07,3,59,NaN,223,NaN,NaN
1988,ACOROS,24,3,03-04,3,125,NaN,NaN,NaN,NaN
1988,ACOROS,32,3,05-02,3,63,NaN,NaN,217,NaN
1988,ACOROS,82,3,05-03,3,108,NaN,NaN,NaN,NaN
1988,ACOROS,1,7,05-01,4,50,NaN,NaN,NaN,NaN
1988,ACOROS,2,4,06-02,4,76,NaN,NaN,210,NaN
1988,ACOROS,3,4,05-03,4,130,NaN,NaN,NaN,NaN
1988,ACOROS,9,4,07-06,4,62,NaN,NaN,NaN,NaN
1988,ACOROS,10,4,09-03,4,138,NaN,NaN,NaN,NaN
1988,ACOROS,11,4,05-03,4,97,NaN,NaN,209,NaN
1988,ACOROS,12,4,07-02,4,65,NaN,NaN,209,217
1988,ACOROS,14,4,02-08,4,31,NaN,NaN,NaN,NaN
1988,ACOROS,16,4,06-02,4,72,NaN,NaN,223,NaN
1988,ACOROS,19,1,05-07,4,46,NaN,NaN,217,NaN
1988,ACOROS,24,4,05-04,4,73,NaN,NaN,209,218
1988,ACOROS,32,4,05-03,4,65,NaN,NaN,NaN,NaN
1988,ACOROS,82,4,09-01,4,85,NaN,217,NaN,NaN
1988,ACOROS,1,10,06-01,5,62,NaN,NaN,210,217
1988,ACOROS,2,5,08-02,5,82,NaN,NaN,210,NaN
1988,ACOROS,3,5,07-03,5,105,NaN,NaN,209,NaN
1988,ACOROS,9,5,10-01,5,104,NaN,217,210,NaN
1988,ACOROS,10,6,09-01,5,116,NaN,217,209,NaN
1988,ACOROS,11,5,05-03,5,92,NaN,NaN,209,NaN
1988,ACOROS,12,5,08-03,5,71,NaN,NaN,209,NaN
1988,ACOROS,14,4,02-01,5,166,189,218,218,NaN
1988,ACOROS,16,4,01-03,5,56,NaN,NaN,207,NaN
1988,ACOROS,19,4,06-03,5,80,NaN,223,NaN,NaN
1988,ACOROS,24,5,03-04,5,92,NaN,NaN,NaN,NaN
1988,ACOROS,32,5,04-03,5,67,NaN,NaN,NaN,NaN
1988,ACOROS,82,5,05-02,5,112,NaN,NaN,NaN,NaN
1988,ACOROS,1,2,03-03,6,55,NaN,NaN,210,217
1988,ACOROS,2,7,10-02,6,80,NaN,NaN,NaN,NaN
1988,ACOROS,3,6,03-01,6,119,NaN,NaN,210,NaN
1988,ACOROS,9,6,07-04,6,55,NaN,NaN,NaN,NaN
1988,ACOROS,10,6,04-02,6,87,NaN,209,209,NaN
1988,ACOROS,11,6,06-02,6,90,NaN,NaN,209,NaN
1988,ACOROS,12,6,08-02,6,81,NaN,NaN,209,217
1988,ACOROS,14,8,04-06,6,80,NaN,NaN,NaN,NaN
1988,ACOROS,16,6,09-03,6,46,NaN,NaN,209,NaN
1988,ACOROS,19,4,05-03,6,88,NaN,NaN,NaN,NaN
1988,ACOROS,24,6,03-06,6,85,NaN,218,218,218
1988,ACOROS,32,6,07-01,6,57,NaN,217,209,217
1988,ACOROS,82,6,03-01,6,75,NaN,217,217,NaN
1988,ACOROS,1,10,02-06,7,58,NaN,NaN,210,217
1988,ACOROS,2,7,07-03,7,57,NaN,NaN,210,NaN
1988,ACOROS,3,7,09-04,7,101,NaN,NaN,NaN,NaN
1988,ACOROS,9,7,07-07,7,73,NaN,NaN,NaN,NaN
1988,ACOROS,10,7,09-04,7,112,NaN,195,209,NaN
1988,ACOROS,11,7,05-02,7,63,NaN,NaN,209,NaN
1988,ACOROS,12,7,09-02,7,63,NaN,217,202,217
1988,ACOROS,14,8,03-07,7,150,NaN,NaN,NaN,NaN
1988,ACOROS,16,7,05-03,7,55,NaN,NaN,223,NaN
1988,ACOROS,19,4,05-04,7,47,NaN,NaN,NaN,NaN
1988,ACOROS,24,7,03-07,7,102,NaN,NaN,218,NaN
1988,ACOROS,32,7,05-04,7,46,NaN,209,NaN,NaN
1988,ACOROS,82,7,08-03,7,84,NaN,NaN,NaN,NaN
1988,ACOROS,1,5,05-02,8,85,NaN,NaN,NaN,NaN
1988,ACOROS,2,8,06-02,8,76,168,NaN,NaN,NaN
1988,ACOROS,3,8,06-01,8,84,NaN,NaN,NaN,NaN
1988,ACOROS,9,8,02-05,8,105,NaN,NaN,210,NaN
1988,ACOROS,10,8,04-01,8,90,NaN,NaN,209,217
1988,ACOROS,11,8,07-03,8,72,NaN,NaN,NaN,NaN
1988,ACOROS,12,8,03-02,8,109,NaN,NaN,209,217
1988,ACOROS,14,9,08-06,8,70,NaN,NaN,NaN,NaN
1988,ACOROS,16,8,08-02,8,59,NaN,228,217,NaN
1988,ACOROS,19,4,06-04,8,60,NaN,NaN,NaN,NaN
1988,ACOROS,24,7,05-08,8,108,NaN,NaN,209,NaN
1988,ACOROS,32,8,05-04,8,116,NaN,NaN,NaN,NaN
1988,ACOROS,82,8,06-02,8,85,NaN,217,NaN,NaN
1988,ACOROS,1,9,05-02,9,73,NaN,NaN,217,NaN
1988,ACOROS,2,9,03-03,9,66,NaN,NaN,217,NaN
1988,ACOROS,3,9,06-02,9,94,NaN,NaN,210,NaN
1988,ACOROS,9,9,04-05,9,65,NaN,NaN,NaN,NaN
1988,ACOROS,10,9,03-02,9,113,NaN,NaN,209,NaN
1988,ACOROS,11,9,04-02,9,77,NaN,NaN,217,NaN
1988,ACOROS,12,9,08-02,9,84,NaN,217,209,217
1988,ACOROS,14,9,08-06,9,85,NaN,NaN,NaN,NaN
1988,ACOROS,16,9,05-03,9,74,NaN,223,NaN,NaN
1988,ACOROS,19,4,07-04,9,76,NaN,NaN,NaN,NaN
1988,ACOROS,24,9,05-01,9,119,NaN,NaN,NaN,NaN
1988,ACOROS,32,9,08-02,9,35,NaN,NaN,NaN,NaN
1988,ACOROS,82,9,08-04,9,95,NaN,NaN,209,217
1988,ACOROS,1,10,05-02,10,57,NaN,NaN,210,NaN
1988,ACOROS,2,10,07-02,10,63,NaN,NaN,NaN,NaN
1988,ACOROS,3,10,02-01,10,105,182,NaN,210,NaN
1988,ACOROS,9,10,05-05,10,93,182,NaN,NaN,NaN
1988,ACOROS,10,10,06-04,10,98,NaN,NaN,NaN,NaN
1988,ACOROS,11,10,04-03,10,94,NaN,NaN,209,NaN
1988,ACOROS,12,10,03-04,10,104,NaN,NaN,209,217
1988,ACOROS,14,9,10-06,10,73,NaN,NaN,NaN,NaN
1988,ACOROS,16,10,03-04,10,87,NaN,223,NaN,NaN
1988,ACOROS,19,4,08-04,10,66,NaN,NaN,NaN,NaN
1988,ACOROS,24,9,05-06,10,209,NaN,NaN,NaN,NaN
1988,ACOROS,32,10,03-04,10,75,NaN,NaN,209,217
1988,ACOROS,82,10,05-03,10,97,NaN,217,217,NaN
1988,BISBIS,1,1,02-01,1,167,202,NaN,210,NaN
1988,BISBIS,2,1,07-03,1,112,NaN,NaN,NaN,NaN
1988,BISBIS,3,1,03-03,1,130,NaN,NaN,210,NaN
1988,BISBIS,9,3,10-02,1,140,NaN,NaN,NaN,NaN
1988,BISBIS,10,1,06-02,1,151,195,NaN,209,NaN
1988,BISBIS,11,1,06-04,1,109,NaN,NaN,NaN,NaN
1988,BISBIS,12,1,02-01,1,114,NaN,217,209,NaN
1988,BISBIS,14,1,07-08,1,150,NaN,NaN,NaN,NaN
1988,BISBIS,16,1,10-01,1,113,NaN,NaN,NaN,NaN
1988,BISBIS,24,1,01-01,1,110,NaN,NaN,NaN,NaN
1988,BISBIS,32,1,08-01,1,160,NaN,NaN,217,NaN
1988,BISBIS,82,1,05-07,1,156,NaN,217,NaN,NaN
1988,BISBIS,1,1,08-05,2,129,NaN,NaN,NaN,NaN
1988,BISBIS,2,2,02-01,2,120,NaN,NaN,210,NaN
1988,BISBIS,3,2,02-04,2,85,NaN,NaN,NaN,NaN
1988,BISBIS,9,7,10-10,2,130,NaN,NaN,NaN,NaN
1988,BISBIS,10,2,06-03,2,137,NaN,NaN,NaN,NaN
1988,BISBIS,11,2,06-03,2,124,NaN,NaN,NaN,NaN
1988,BISBIS,12,2,03-05,2,125,NaN,217,209,217
1988,BISBIS,14,2,02-06,2,239,NaN,NaN,NaN,NaN
1988,BISBIS,16,2,02-02,2,80,NaN,NaN,NaN,NaN
1988,BISBIS,24,3,02-04,2,103,NaN,NaN,NaN,NaN
1988,BISBIS,32,2,08-01,2,102,NaN,NaN,209,NaN
1988,BISBIS,82,2,06-08,2,137,NaN,NaN,NaN,NaN
1988,BISBIS,1,3,05-05,3,92,NaN,NaN,210,217
1988,BISBIS,2,3,08-02,3,90,NaN,217,210,NaN
1988,BISBIS,3,3,02-04,3,163,NaN,NaN,210,NaN
1988,BISBIS,9,7,08-10,3,105,NaN,NaN,NaN,NaN
1988,BISBIS,10,3,06-01,3,165,195,217,NaN,NaN
1988,BISBIS,11,3,08-06,3,120,NaN,NaN,209,NaN
1988,BISBIS,12,3,06-02,3,114,NaN,NaN,209,NaN
1988,BISBIS,14,3,08-01,3,164,NaN,NaN,NaN,NaN
1988,BISBIS,16,3,06-06,3,99,NaN,NaN,223,NaN
1988,BISBIS,24,4,09-08,3,147,NaN,NaN,NaN,NaN
1988,BISBIS,32,3,10-03,3,142,NaN,NaN,NaN,NaN
1988,BISBIS,82,3,07-01,3,154,217,217,NaN,NaN
1988,BISBIS,1,3,01-06,4,97,NaN,NaN,210,NaN
1988,BISBIS,2,4,05-02,4,114,NaN,NaN,210,NaN
1988,BISBIS,3,4,01-02,4,133,NaN,NaN,210,NaN
1988,BISBIS,9,7,07-10,4,99,NaN,NaN,210,NaN
1988,BISBIS,10,4,07-04,4,125,195,217,217,NaN
1988,BISBIS,11,4,01-04,4,95,NaN,NaN,209,NaN
1988,BISBIS,12,4,04-02,4,121,NaN,217,NaN,217
1988,BISBIS,14,4,03-04,4,106,NaN,NaN,218,NaN
1988,BISBIS,16,4,06-06,4,77,NaN,NaN,228,NaN
1988,BISBIS,24,4,07-01,4,116,NaN,NaN,NaN,NaN
1988,BISBIS,32,4,04-01,4,181,195,NaN,217,NaN
1988,BISBIS,82,4,05-07,4,148,195,217,217,NaN
1988,BISBIS,1,4,01-03,5,135,NaN,NaN,210,NaN
1988,BISBIS,2,5,05-01,5,130,NaN,NaN,210,NaN
1988,BISBIS,3,4,07-07,5,130,NaN,NaN,NaN,NaN
1988,BISBIS,9,7,06-10,5,101,NaN,NaN,NaN,NaN
1988,BISBIS,10,5,03-02,5,165,195,217,NaN,217
1988,BISBIS,11,5,07-06,5,116,NaN,NaN,NaN,NaN
1988,BISBIS,12,5,06-04,5,123,NaN,NaN,NaN,NaN
1988,BISBIS,14,5,07-02,5,24,NaN,NaN,NaN,NaN
1988,BISBIS,16,5,05-04,5,91,NaN,NaN,223,NaN
1988,BISBIS,24,5,01-03,5,148,NaN,NaN,NaN,NaN
1988,BISBIS,32,4,04-08,5,167,195,NaN,217,NaN
1988,BISBIS,82,4,06-05,5,144,NaN,217,217,NaN
1988,BISBIS,1,5,01-03,6,132,196,217,210,NaN
1988,BISBIS,2,6,05-04,6,113,NaN,217,NaN,NaN
1988,BISBIS,3,6,01-03,6,178,NaN,NaN,NaN,NaN
1988,BISBIS,9,7,01-09,6,116,217,NaN,NaN,NaN
1988,BISBIS,10,6,05-05,6,157,NaN,NaN,NaN,NaN
1988,BISBIS,11,6,06-01,6,80,NaN,NaN,209,NaN
1988,BISBIS,12,6,06-02,6,128,NaN,NaN,202,NaN
1988,BISBIS,14,6,03-03,6,146,NaN,NaN,218,NaN
1988,BISBIS,16,6,06-01,6,97,NaN,NaN,NaN,NaN
1988,BISBIS,24,6,09-02,6,123,NaN,NaN,NaN,NaN
1988,BISBIS,32,6,06-07,6,154,NaN,NaN,NaN,NaN
1988,BISBIS,82,6,04-04,6,145,195,217,NaN,NaN
1988,BISBIS,1,6,01-04,7,145,NaN,NaN,NaN,217
1988,BISBIS,2,7,06-04,7,124,NaN,NaN,NaN,NaN
1988,BISBIS,3,7,07-05,7,170,NaN,NaN,217,NaN
1988,BISBIS,9,9,02-08,7,130,NaN,NaN,NaN,NaN
1988,BISBIS,10,7,04-06,7,125,195,217,NaN,217
1988,BISBIS,11,7,03-06,7,150,195,217,NaN,NaN
1988,BISBIS,12,7,07-05,7,107,NaN,NaN,209,217
1988,BISBIS,14,7,03-01,7,182,NaN,NaN,218,NaN
1988,BISBIS,16,7,06-01,7,59,NaN,NaN,NaN,NaN
1988,BISBIS,24,6,04-02,7,116,NaN,NaN,NaN,NaN
1988,BISBIS,32,6,04-10,7,136,NaN,NaN,217,NaN
1988,BISBIS,82,6,04-02,7,145,202,217,NaN,NaN
1988,BISBIS,1,8,02-09,8,81,NaN,NaN,NaN,217
1988,BISBIS,2,9,09-04,8,149,NaN,NaN,NaN,NaN
1988,BISBIS,3,8,05-01,8,120,NaN,NaN,210,NaN
1988,BISBIS,9,9,02-08,8,125,NaN,NaN,NaN,NaN
1988,BISBIS,10,8,04-02,8,120,NaN,NaN,217,NaN
1988,BISBIS,11,8,01-05,8,171,195,NaN,NaN,NaN
1988,BISBIS,12,8,08-01,8,124,NaN,NaN,209,217
1988,BISBIS,14,8,05-02,8,211,NaN,218,NaN,NaN
1988,BISBIS,16,8,04-03,8,87,NaN,NaN,NaN,NaN
1988,BISBIS,24,6,07-09,8,144,202,218,218,218
1988,BISBIS,32,7,07-01,8,129,NaN,NaN,NaN,NaN
1988,BISBIS,82,3,02-08,8,123,209,NaN,NaN,NaN
1988,BISBIS,1,9,05-03,9,100,NaN,NaN,210,NaN
1988,BISBIS,2,9,02-02,9,101,NaN,217,210,NaN
1988,BISBIS,3,9,05-01,9,160,NaN,NaN,210,NaN
1988,BISBIS,9,9,01-09,9,92,217,NaN,NaN,NaN
1988,BISBIS,10,9,06-02,9,150,NaN,NaN,209,217
1988,BISBIS,11,9,06-02,9,132,NaN,NaN,217,NaN
1988,BISBIS,12,9,03-03,9,126,NaN,217,NaN,217
1988,BISBIS,14,9,03-07,9,220,195,NaN,218,NaN
1988,BISBIS,16,9,05-05,9,61,NaN,NaN,NaN,NaN
1988,BISBIS,24,8,08-08,9,65,NaN,NaN,NaN,NaN
1988,BISBIS,32,9,07-05,9,134,NaN,NaN,NaN,NaN
1988,BISBIS,82,10,02-02,9,117,202,217,NaN,NaN
1988,BISBIS,1,10,08-04,10,143,NaN,NaN,210,NaN
1988,BISBIS,2,10,06-04,10,148,NaN,NaN,210,NaN
1988,BISBIS,3,10,06-01,10,179,NaN,210,217,NaN
1988,BISBIS,9,9,07-02,10,105,NaN,217,NaN,NaN
1988,BISBIS,10,10,04-01,10,118,NaN,NaN,217,NaN
1988,BISBIS,11,10,05-05,10,143,195,NaN,217,NaN
1988,BISBIS,12,10,04-04,10,106,NaN,217,NaN,217
1988,BISBIS,14,8,06-10,10,180,NaN,NaN,218,NaN
1988,BISBIS,16,10,06-03,10,76,NaN,NaN,217,NaN
1988,BISBIS,24,6,06-10,10,135,NaN,NaN,NaN,NaN
1988,BISBIS,32,10,09-08,10,125,NaN,NaN,217,NaN
1988,BISBIS,82,10,10-03,10,160,202,NaN,NaN,NaN
1988,BISBIS,14,10,04-07,11,129,NaN,NaN,218,218
1988,BISBIS,14,10,02-07,12,110,NaN,NaN,218,NaN
1988,BISBIS,14,7,07-04,13,155,NaN,NaN,NaN,NaN
1988,BISBIS,14,10,01-07,14,106,NaN,NaN,218,NaN
1988,BISBIS,14,2,08-03,15,180,NaN,218,218,NaN
1988,BISBIS,14,5,05-04,16,55,NaN,NaN,NaN,NaN
1988,BISVIV,2,1,09-03,1,67,NaN,210,210,NaN
1988,BISVIV,3,1,07-02,1,53,NaN,NaN,210,NaN
1988,BISVIV,10,1,09-01,1,67,NaN,NaN,NaN,NaN
1988,BISVIV,11,1,07-03,1,107,NaN,217,NaN,NaN
1988,BISVIV,24,1,03-02,1,81,NaN,NaN,NaN,NaN
1988,BISVIV,32,1,07-04,1,73,NaN,NaN,202,NaN
1988,BISVIV,82,1,05-04,1,54,NaN,NaN,NaN,NaN
1988,BISVIV,2,2,01-04,2,14,NaN,NaN,210,NaN
1988,BISVIV,3,2,07-04,2,107,NaN,NaN,NaN,NaN
1988,BISVIV,9,2,04-05,2,43,NaN,NaN,NaN,NaN
1988,BISVIV,10,2,08-02,2,64,NaN,209,NaN,NaN
1988,BISVIV,11,2,08-03,2,38,NaN,NaN,217,NaN
1988,BISVIV,14,2,08-04,2,80,NaN,NaN,NaN,NaN
1988,BISVIV,24,2,06-05,2,52,NaN,218,NaN,NaN
1988,BISVIV,32,2,05-01,2,46,NaN,NaN,NaN,NaN
1988,BISVIV,82,2,08-02,2,73,NaN,NaN,NaN,NaN
1988,BISVIV,2,3,03-05,3,50,NaN,210,210,NaN
1988,BISVIV,3,3,05-03,3,159,NaN,NaN,210,NaN
1988,BISVIV,9,3,08-04,3,27,NaN,NaN,182,NaN
1988,BISVIV,10,3,03-04,3,65,NaN,209,NaN,NaN
1988,BISVIV,11,3,02-07,3,139,NaN,209,209,NaN
1988,BISVIV,24,3,09-04,3,54,NaN,NaN,NaN,NaN
1988,BISVIV,32,3,02-02,3,47,NaN,NaN,NaN,NaN
1988,BISVIV,82,3,07-01,3,93,NaN,NaN,217,NaN
1988,BISVIV,2,4,07-02,4,67,NaN,202,210,NaN
1988,BISVIV,3,4,05-09,4,45,NaN,NaN,210,NaN
1988,BISVIV,9,4,08-03,4,72,NaN,NaN,NaN,NaN
1988,BISVIV,10,4,08-03,4,122,NaN,NaN,NaN,NaN
1988,BISVIV,11,4,07-08,4,93,NaN,NaN,NaN,NaN
1988,BISVIV,24,4,02-02,4,63,NaN,NaN,NaN,NaN
1988,BISVIV,32,4,07-02,4,85,NaN,217,NaN,NaN
1988,BISVIV,82,4,05-05,4,61,NaN,NaN,217,NaN
1988,BISVIV,2,5,01-02,5,66,NaN,NaN,210,NaN
1988,BISVIV,3,5,08-06,5,91,NaN,NaN,210,NaN
1988,BISVIV,9,5,04-04,5,60,NaN,NaN,NaN,NaN
1988,BISVIV,10,5,01-04,5,78,NaN,NaN,217,NaN
1988,BISVIV,11,5,03-05,5,60,NaN,NaN,NaN,NaN
1988,BISVIV,24,5,09-05,5,44,NaN,NaN,NaN,NaN
1988,BISVIV,32,5,07-01,5,104,NaN,NaN,209,NaN
1988,BISVIV,82,5,05-02,5,80,NaN,217,217,NaN
1988,BISVIV,2,6,01-01,6,88,NaN,202,NaN,NaN
1988,BISVIV,3,6,09-05,6,153,NaN,NaN,217,NaN
1988,BISVIV,9,6,09-04,6,70,NaN,NaN,NaN,NaN
1988,BISVIV,10,6,04-02,6,30,NaN,NaN,NaN,NaN
1988,BISVIV,11,6,02-07,6,55,NaN,NaN,NaN,NaN
1988,BISVIV,14,6,07-02,6,20,NaN,NaN,218,218
1988,BISVIV,24,6,03-03,6,65,NaN,NaN,NaN,NaN
1988,BISVIV,32,6,04-03,6,79,NaN,NaN,217,NaN
1988,BISVIV,82,6,07-04,6,79,NaN,NaN,NaN,NaN
1988,BISVIV,2,7,01-09,7,86,NaN,210,NaN,NaN
1988,BISVIV,3,7,01-03,7,114,NaN,NaN,NaN,NaN
1988,BISVIV,9,7,01-01,7,37,NaN,NaN,210,NaN
1988,BISVIV,10,7,02-02,7,57,NaN,217,217,NaN
1988,BISVIV,11,7,04-03,7,107,NaN,209,NaN,NaN
1988,BISVIV,14,10,05-04,7,70,NaN,NaN,209,218
1988,BISVIV,24,6,06-05,7,33,NaN,NaN,218,NaN
1988,BISVIV,32,7,01-03,7,75,NaN,217,217,NaN
1988,BISVIV,82,7,07-02,7,68,NaN,NaN,NaN,NaN
1988,BISVIV,2,8,05-03,8,61,NaN,NaN,NaN,NaN
1988,BISVIV,3,8,02-03,8,41,NaN,NaN,210,NaN
1988,BISVIV,9,1,02-05,8,44,NaN,NaN,NaN,NaN
1988,BISVIV,10,8,02-03,8,46,NaN,NaN,NaN,NaN
1988,BISVIV,11,8,08-02,8,111,NaN,209,NaN,NaN
1988,BISVIV,14,8,09-07,8,57,NaN,NaN,NaN,NaN
1988,BISVIV,24,5,03-02,8,54,NaN,NaN,NaN,NaN
1988,BISVIV,32,8,04-05,8,123,NaN,217,NaN,NaN
1988,BISVIV,82,8,04-02,8,56,NaN,NaN,NaN,NaN
1988,BISVIV,2,9,07-04,9,50,NaN,210,210,NaN
1988,BISVIV,3,9,03-02,9,94,NaN,NaN,210,NaN
1988,BISVIV,9,2,06-05,9,40,NaN,NaN,210,NaN
1988,BISVIV,10,9,02-02,9,61,NaN,NaN,NaN,NaN
1988,BISVIV,11,9,01-07,9,108,NaN,NaN,217,NaN
1988,BISVIV,24,8,08-06,9,62,NaN,NaN,218,NaN
1988,BISVIV,32,9,06-07,9,69,NaN,202,NaN,NaN
1988,BISVIV,82,9,05-01,9,104,NaN,217,NaN,NaN
1988,BISVIV,2,10,09-06,10,86,NaN,210,210,NaN
1988,BISVIV,3,10,01-01,10,149,NaN,NaN,210,NaN
1988,BISVIV,9,3,01-04,10,26,NaN,NaN,NaN,NaN
1988,BISVIV,10,10,07-06,10,43,NaN,NaN,NaN,NaN
1988,BISVIV,11,10,04-03,10,65,NaN,NaN,NaN,NaN
1988,BISVIV,14,10,01-10,10,116,NaN,NaN,218,218
1988,BISVIV,24,8,07-10,10,94,NaN,NaN,NaN,218
1988,BISVIV,32,10,05-04,10,35,NaN,NaN,NaN,NaN
1988,BISVIV,82,10,03-07,10,72,NaN,NaN,209,NaN
1988,BISVIV,2,8,06-03,11,57,NaN,210,NaN,NaN
1989,ACOROS,1,2,09-05,1,34,NaN,NaN,NaN,NaN
1989,ACOROS,2,1,05-03,1,29,NaN,NaN,NaN,NaN
1989,ACOROS,3,1,09-02,1,90,NaN,NaN,NaN,NaN
1989,ACOROS,9,1,02-06,1,38,NaN,NaN,NaN,NaN
1989,ACOROS,10,1,05-06,1,112,NaN,NaN,NaN,NaN
1989,ACOROS,11,1,06-02,1,114,NaN,NaN,NaN,NaN
1989,ACOROS,12,1,05-03,1,59,NaN,NaN,NaN,NaN
1989,ACOROS,14,1,04-04,1,105,NaN,NaN,NaN,NaN
1989,ACOROS,16,1,05-08,1,48,NaN,NaN,NaN,NaN
1989,ACOROS,19,1,03-05,1,50,NaN,NaN,NaN,NaN
1989,ACOROS,24,1,06-03,1,42,NaN,NaN,NaN,NaN
1989,ACOROS,32,1,04-02,1,65,NaN,NaN,NaN,NaN
1989,ACOROS,82,1,03-01,1,80,187,NaN,NaN,NaN
1989,ACOROS,1,3,07-06,2,56,166,NaN,NaN,NaN
1989,ACOROS,2,2,06-02,2,70,166,NaN,NaN,NaN
1989,ACOROS,3,2,02-06,2,65,NaN,NaN,NaN,NaN
1989,ACOROS,9,2,02-05,2,50,NaN,NaN,NaN,NaN
1989,ACOROS,10,2,08-05,2,120,173,NaN,NaN,NaN
1989,ACOROS,11,2,08-03,2,95,173,NaN,NaN,NaN
1989,ACOROS,12,2,05-03,2,60,166,NaN,NaN,NaN
1989,ACOROS,14,2,09-01,2,116,NaN,NaN,NaN,NaN
1989,ACOROS,16,2,04-07,2,53,NaN,NaN,NaN,NaN
1989,ACOROS,19,1,04-05,2,47,NaN,NaN,NaN,NaN
1989,ACOROS,24,2,02-07,2,90,NaN,NaN,NaN,NaN
1989,ACOROS,32,2,05-02,2,50,NaN,NaN,NaN,NaN
1989,ACOROS,82,2,02-08,2,70,NaN,NaN,NaN,NaN
1989,ACOROS,1,5,02-02,3,57,NaN,NaN,NaN,NaN
1989,ACOROS,2,3,06-02,3,62,NaN,NaN,NaN,NaN
1989,ACOROS,3,3,02-05,3,95,180,NaN,NaN,NaN
1989,ACOROS,9,3,06-05,3,74,NaN,NaN,NaN,NaN
1989,ACOROS,10,3,09-05,3,65,NaN,NaN,NaN,NaN
1989,ACOROS,11,3,04-02,3,65,NaN,NaN,NaN,NaN
1989,ACOROS,12,3,05-03,3,71,188,NaN,NaN,NaN
1989,ACOROS,14,3,05-05,3,50,NaN,NaN,NaN,NaN
1989,ACOROS,16,3,04-04,3,35,NaN,NaN,NaN,NaN
1989,ACOROS,19,1,04-07,3,50,NaN,NaN,NaN,NaN
1989,ACOROS,24,3,03-04,3,62,NaN,NaN,NaN,NaN
1989,ACOROS,32,3,05-02,3,40,NaN,NaN,NaN,NaN
1989,ACOROS,82,3,05-03,3,90,NaN,NaN,NaN,NaN
1989,ACOROS,1,7,05-01,4,42,NaN,NaN,NaN,NaN
1989,ACOROS,2,4,06-02,4,57,NaN,NaN,NaN,NaN
1989,ACOROS,3,4,05-03,4,105,180,NaN,NaN,NaN
1989,ACOROS,9,4,07-06,4,75,194,NaN,NaN,NaN
1989,ACOROS,10,4,09-03,4,105,173,NaN,NaN,NaN
1989,ACOROS,11,4,05-03,4,71,NaN,NaN,NaN,NaN
1989,ACOROS,12,4,07-02,4,45,NaN,NaN,NaN,NaN
1989,ACOROS,14,4,02-05,4,85,NaN,NaN,NaN,NaN
1989,ACOROS,16,4,06-02,4,63,NaN,NaN,NaN,NaN
1989,ACOROS,19,1,05-07,4,59,NaN,NaN,NaN,NaN
1989,ACOROS,24,4,05-04,4,40,NaN,NaN,NaN,NaN
1989,ACOROS,32,4,05-03,4,55,173,NaN,NaN,NaN
1989,ACOROS,82,4,09-01,4,64,NaN,NaN,NaN,NaN
1989,ACOROS,1,10,06-01,5,50,NaN,NaN,NaN,NaN
1989,ACOROS,2,5,08-02,5,65,NaN,NaN,NaN,NaN
1989,ACOROS,3,5,07-03,5,85,180,NaN,NaN,NaN
1989,ACOROS,9,5,10-01,5,100,188,NaN,NaN,NaN
1989,ACOROS,10,6,09-01,5,107,173,NaN,NaN,NaN
1989,ACOROS,11,5,05-03,5,90,NaN,NaN,NaN,NaN
1989,ACOROS,12,5,08-03,5,54,NaN,NaN,NaN,NaN
1989,ACOROS,14,4,02-01,5,135,187,NaN,NaN,NaN
1989,ACOROS,16,4,01-03,5,50,NaN,NaN,NaN,NaN
1989,ACOROS,19,4,06-03,5,75,208,NaN,NaN,NaN
1989,ACOROS,24,5,03-04,5,69,NaN,NaN,NaN,NaN
1989,ACOROS,32,5,05-03,5,53,180,NaN,NaN,NaN
1989,ACOROS,82,5,05-02,5,97,202,NaN,NaN,NaN
1989,ACOROS,1,2,03-03,6,45,166,NaN,NaN,NaN
1989,ACOROS,2,7,10-02,6,70,NaN,NaN,NaN,NaN
1989,ACOROS,3,6,03-01,6,108,180,NaN,NaN,NaN
1989,ACOROS,9,6,07-04,6,52,NaN,NaN,NaN,NaN
1989,ACOROS,10,6,04-02,6,75,180,NaN,NaN,NaN
1989,ACOROS,11,6,06-02,6,60,NaN,NaN,NaN,NaN
1989,ACOROS,12,6,08-02,6,65,NaN,NaN,NaN,NaN
1989,ACOROS,14,8,04-06,6,85,NaN,NaN,NaN,NaN
1989,ACOROS,16,6,09-03,6,50,NaN,NaN,NaN,NaN
1989,ACOROS,19,4,05-03,6,85,208,NaN,NaN,NaN
1989,ACOROS,24,6,07-01,6,40,NaN,NaN,NaN,NaN
1989,ACOROS,32,6,07-01,6,45,NaN,NaN,NaN,NaN
1989,ACOROS,82,6,03-01,6,74,187,NaN,NaN,NaN
1989,ACOROS,1,10,02-06,7,53,NaN,NaN,NaN,NaN
1989,ACOROS,2,7,07-03,7,45,NaN,NaN,NaN,NaN
1989,ACOROS,3,7,09-04,7,75,180,NaN,NaN,NaN
1989,ACOROS,9,7,07-07,7,65,NaN,NaN,NaN,NaN
1989,ACOROS,10,7,09-04,7,95,180,NaN,NaN,NaN
1989,ACOROS,11,7,05-02,7,55,166,NaN,NaN,NaN
1989,ACOROS,12,7,09-02,7,50,166,NaN,NaN,NaN
1989,ACOROS,14,8,03-07,7,91,NaN,NaN,NaN,NaN
1989,ACOROS,16,7,05-03,7,50,NaN,NaN,NaN,NaN
1989,ACOROS,19,4,05-04,7,50,NaN,NaN,NaN,NaN
1989,ACOROS,24,7,03-07,7,90,180,NaN,NaN,NaN
1989,ACOROS,32,7,05-04,7,34,173,NaN,NaN,NaN
1989,ACOROS,82,7,08-03,7,70,NaN,NaN,NaN,NaN
1989,ACOROS,1,5,05-02,8,66,173,NaN,NaN,NaN
1989,ACOROS,2,8,06-02,8,65,173,NaN,NaN,NaN
1989,ACOROS,3,8,06-01,8,79,NaN,NaN,NaN,NaN
1989,ACOROS,9,8,02-05,8,102,NaN,NaN,NaN,NaN
1989,ACOROS,10,8,04-01,8,75,173,NaN,NaN,NaN
1989,ACOROS,11,8,07-03,8,65,NaN,NaN,NaN,NaN
1989,ACOROS,12,8,03-02,8,85,NaN,NaN,NaN,NaN
1989,ACOROS,14,9,08-06,8,80,180,NaN,NaN,NaN
1989,ACOROS,16,8,08-02,8,62,NaN,NaN,NaN,NaN
1989,ACOROS,19,4,06-04,8,57,208,NaN,NaN,NaN
1989,ACOROS,24,7,05-08,8,95,NaN,NaN,NaN,NaN
1989,ACOROS,32,8,05-04,8,105,NaN,NaN,NaN,NaN
1989,ACOROS,82,8,06-02,8,70,NaN,NaN,NaN,NaN
1989,ACOROS,1,9,05-02,9,58,173,NaN,NaN,NaN
1989,ACOROS,2,9,03-03,9,55,NaN,NaN,NaN,NaN
1989,ACOROS,3,9,06-02,9,62,180,NaN,NaN,NaN
1989,ACOROS,9,9,04-05,9,70,194,NaN,NaN,NaN
1989,ACOROS,10,9,03-02,9,108,180,NaN,NaN,NaN
1989,ACOROS,11,9,04-02,9,65,NaN,NaN,NaN,NaN
1989,ACOROS,12,9,08-02,9,67,NaN,NaN,NaN,NaN
1989,ACOROS,14,9,08-06,9,93,NaN,NaN,NaN,NaN
1989,ACOROS,16,9,05-03,9,71,194,NaN,NaN,NaN
1989,ACOROS,19,4,07-04,9,74,208,NaN,NaN,NaN
1989,ACOROS,24,9,05-01,9,95,NaN,NaN,NaN,NaN
1989,ACOROS,32,8,08-02,9,105,NaN,NaN,NaN,NaN
1989,ACOROS,82,9,08-04,9,72,NaN,NaN,NaN,NaN
1989,ACOROS,1,10,05-02,10,42,NaN,NaN,NaN,NaN
1989,ACOROS,2,10,07-02,10,47,NaN,NaN,NaN,NaN
1989,ACOROS,3,10,02-01,10,80,NaN,NaN,NaN,NaN
1989,ACOROS,9,10,05-05,10,95,188,NaN,NaN,NaN
1989,ACOROS,10,10,06-04,10,90,NaN,NaN,NaN,NaN
1989,ACOROS,11,10,04-03,10,77,NaN,NaN,NaN,NaN
1989,ACOROS,12,10,03-04,10,67,NaN,NaN,NaN,NaN
1989,ACOROS,14,9,10-06,10,70,NaN,NaN,NaN,NaN
1989,ACOROS,16,10,03-04,10,95,194,NaN,NaN,NaN
1989,ACOROS,19,4,08-04,10,65,NaN,NaN,NaN,NaN
1989,ACOROS,24,9,05-06,10,110,NaN,NaN,NaN,NaN
1989,ACOROS,32,10,03-04,10,65,180,NaN,NaN,NaN
1989,ACOROS,82,10,05-03,10,75,187,NaN,NaN,NaN
1989,BISBIS,1,1,02-01,1,143,NaN,NaN,NaN,NaN
1989,BISBIS,2,1,07-03,1,97,NaN,NaN,NaN,NaN
1989,BISBIS,3,1,03-03,1,100,NaN,NaN,NaN,NaN
1989,BISBIS,9,3,10-02,1,155,208,NaN,NaN,NaN
1989,BISBIS,10,1,06-02,1,125,NaN,NaN,NaN,NaN
1989,BISBIS,11,1,06-04,1,87,NaN,NaN,NaN,NaN
1989,BISBIS,12,1,02-01,1,98,188,NaN,NaN,NaN
1989,BISBIS,14,1,07-08,1,87,NaN,NaN,NaN,NaN
1989,BISBIS,16,1,10-01,1,110,208,NaN,NaN,NaN
1989,BISBIS,24,1,01-01,1,130,NaN,NaN,NaN,NaN
1989,BISBIS,32,1,08-01,1,130,187,NaN,NaN,NaN
1989,BISBIS,82,1,05-07,1,170,194,NaN,NaN,NaN
1989,BISBIS,1,1,08-05,2,100,NaN,NaN,NaN,NaN
1989,BISBIS,2,2,02-01,2,90,NaN,NaN,NaN,NaN
1989,BISBIS,3,2,02-04,2,84,NaN,NaN,NaN,NaN
1989,BISBIS,9,7,10-10,2,130,NaN,NaN,NaN,NaN
1989,BISBIS,10,2,06-03,2,106,188,NaN,NaN,NaN
1989,BISBIS,11,2,06-03,2,91,194,NaN,NaN,NaN
1989,BISBIS,12,2,03-05,2,95,NaN,NaN,NaN,NaN
1989,BISBIS,14,2,02-06,2,194,194,NaN,NaN,NaN
1989,BISBIS,16,2,02-02,2,80,NaN,NaN,NaN,NaN
1989,BISBIS,24,3,02-04,2,117,NaN,NaN,NaN,NaN
1989,BISBIS,32,2,08-01,2,101,NaN,NaN,NaN,NaN
1989,BISBIS,82,2,06-08,2,115,194,NaN,NaN,NaN
1989,BISBIS,1,3,05-05,3,73,NaN,NaN,NaN,NaN
1989,BISBIS,2,3,08-02,3,68,NaN,NaN,NaN,NaN
1989,BISBIS,3,3,02-04,3,136,NaN,NaN,NaN,NaN
1989,BISBIS,9,7,05-10,3,112,NaN,NaN,NaN,NaN
1989,BISBIS,10,3,06-01,3,135,188,NaN,NaN,NaN
1989,BISBIS,11,3,08-06,3,108,NaN,NaN,NaN,NaN
1989,BISBIS,12,3,06-02,3,88,NaN,NaN,NaN,NaN
1989,BISBIS,14,3,08-01,3,125,202,NaN,NaN,NaN
1989,BISBIS,16,3,06-06,3,105,NaN,NaN,NaN,NaN
1989,BISBIS,24,4,09-08,3,201,NaN,NaN,NaN,NaN
1989,BISBIS,32,3,10-03,3,110,194,NaN,NaN,NaN
1989,BISBIS,82,3,07-01,3,145,194,NaN,NaN,NaN
1989,BISBIS,1,3,01-06,4,86,NaN,NaN,NaN,NaN
1989,BISBIS,2,4,05-02,4,92,NaN,NaN,NaN,NaN
1989,BISBIS,3,4,01-02,4,130,194,NaN,NaN,NaN
1989,BISBIS,9,7,07-10,4,103,NaN,NaN,NaN,NaN
1989,BISBIS,10,4,07-04,4,98,194,NaN,NaN,NaN
1989,BISBIS,11,4,01-04,4,89,NaN,NaN,NaN,NaN
1989,BISBIS,12,4,04-02,4,95,188,NaN,NaN,NaN
1989,BISBIS,14,4,03-04,4,91,202,NaN,NaN,NaN
1989,BISBIS,16,4,06-06,4,76,NaN,NaN,NaN,NaN
1989,BISBIS,24,4,07-01,4,145,NaN,NaN,NaN,NaN
1989,BISBIS,32,4,04-01,4,139,194,NaN,NaN,NaN
1989,BISBIS,82,4,05-07,4,117,194,NaN,NaN,NaN
1989,BISBIS,1,4,01-03,5,105,NaN,NaN,NaN,NaN
1989,BISBIS,2,5,05-01,5,106,NaN,NaN,NaN,NaN
1989,BISBIS,3,4,07-07,5,111,194,NaN,NaN,NaN
1989,BISBIS,9,7,06-10,5,117,NaN,NaN,NaN,NaN
1989,BISBIS,10,5,03-02,5,154,NaN,NaN,NaN,NaN
1989,BISBIS,11,5,07-06,5,95,188,NaN,NaN,NaN
1989,BISBIS,12,5,06-04,5,101,NaN,NaN,NaN,NaN
1989,BISBIS,14,5,05-05,5,84,NaN,NaN,NaN,NaN
1989,BISBIS,16,5,05-04,5,107,NaN,NaN,NaN,NaN
1989,BISBIS,24,5,01-03,5,147,194,NaN,NaN,NaN
1989,BISBIS,32,4,04-08,5,163,187,NaN,NaN,NaN
1989,BISBIS,82,4,06-05,5,98,202,NaN,NaN,NaN
1989,BISBIS,1,5,01-03,6,100,187,NaN,NaN,NaN
1989,BISBIS,2,6,05-04,6,95,187,NaN,NaN,NaN
1989,BISBIS,3,6,01-03,6,154,194,NaN,NaN,NaN
1989,BISBIS,9,7,01-07,6,120,NaN,NaN,NaN,NaN
1989,BISBIS,10,6,05-05,6,136,194,NaN,NaN,NaN
1989,BISBIS,11,6,06-01,6,85,NaN,NaN,NaN,NaN
1989,BISBIS,12,6,06-02,6,100,188,NaN,NaN,NaN
1989,BISBIS,14,6,03-02,6,131,202,NaN,NaN,NaN
1989,BISBIS,16,6,06-01,6,110,215,NaN,NaN,NaN
1989,BISBIS,24,6,09-02,6,139,NaN,NaN,NaN,NaN
1989,BISBIS,32,6,06-07,6,136,NaN,NaN,NaN,NaN
1989,BISBIS,82,6,04-04,6,135,194,NaN,NaN,NaN
1989,BISBIS,1,6,01-04,7,116,187,NaN,NaN,NaN
1989,BISBIS,2,7,06-04,7,102,NaN,NaN,NaN,NaN
1989,BISBIS,3,7,07-05,7,132,194,NaN,NaN,NaN
1989,BISBIS,9,9,02-08,7,143,NaN,NaN,NaN,NaN
1989,BISBIS,10,7,04-06,7,122,188,NaN,NaN,NaN
1989,BISBIS,11,7,03-06,7,149,NaN,NaN,NaN,NaN
1989,BISBIS,12,7,07-05,7,89,188,NaN,NaN,NaN
1989,BISBIS,14,7,03-01,7,132,NaN,NaN,NaN,NaN
1989,BISBIS,16,7,06-01,7,69,NaN,NaN,NaN,NaN
1989,BISBIS,24,6,04-02,7,145,NaN,NaN,NaN,NaN
1989,BISBIS,32,6,04-10,7,120,194,NaN,NaN,NaN
1989,BISBIS,82,6,04-02,7,140,194,NaN,NaN,NaN
1989,BISBIS,1,8,02-09,8,80,NaN,NaN,NaN,NaN
1989,BISBIS,2,9,09-04,8,123,187,NaN,NaN,NaN
1989,BISBIS,3,8,05-01,8,90,194,NaN,NaN,NaN
1989,BISBIS,9,9,04-08,8,161,NaN,NaN,NaN,NaN
1989,BISBIS,10,8,04-02,8,96,NaN,NaN,NaN,NaN
1989,BISBIS,11,8,01-05,8,155,188,NaN,NaN,NaN
1989,BISBIS,12,8,08-01,8,104,NaN,NaN,NaN,NaN
1989,BISBIS,14,8,04-06,8,172,NaN,NaN,NaN,NaN
1989,BISBIS,16,8,04-03,8,95,NaN,NaN,NaN,NaN
1989,BISBIS,24,6,07-09,8,150,187,NaN,NaN,NaN
1989,BISBIS,32,7,07-01,8,114,NaN,NaN,NaN,NaN
1989,BISBIS,82,3,02-08,8,115,NaN,NaN,NaN,NaN
1989,BISBIS,1,9,05-03,9,84,NaN,NaN,NaN,NaN
1989,BISBIS,2,9,02-02,9,87,187,NaN,NaN,NaN
1989,BISBIS,3,9,05-01,9,145,NaN,NaN,NaN,NaN
1989,BISBIS,9,9,01-09,9,120,NaN,NaN,NaN,NaN
1989,BISBIS,10,9,06-02,9,142,NaN,NaN,NaN,NaN
1989,BISBIS,11,9,06-02,9,122,194,NaN,NaN,NaN
1989,BISBIS,12,9,03-03,9,108,188,NaN,NaN,NaN
1989,BISBIS,14,9,03-07,9,205,NaN,NaN,NaN,153
1989,BISBIS,16,9,05-05,9,69,NaN,NaN,NaN,NaN
1989,BISBIS,24,8,08-08,9,63,NaN,NaN,NaN,NaN
1989,BISBIS,32,9,07-05,9,102,NaN,NaN,NaN,NaN
1989,BISBIS,82,10,02-02,9,92,208,NaN,NaN,NaN
1989,BISBIS,1,10,08-04,10,125,NaN,NaN,NaN,NaN
1989,BISBIS,2,10,06-04,10,100,NaN,NaN,NaN,NaN
1989,BISBIS,3,10,06-01,10,153,NaN,NaN,NaN,NaN
1989,BISBIS,9,9,07-02,10,115,NaN,NaN,NaN,NaN
1989,BISBIS,10,10,04-01,10,103,194,NaN,NaN,NaN
1989,BISBIS,11,10,05-05,10,124,NaN,NaN,NaN,NaN
1989,BISBIS,12,10,04-04,10,90,NaN,NaN,NaN,NaN
1989,BISBIS,14,8,06-10,10,150,NaN,NaN,NaN,NaN
1989,BISBIS,16,10,06-03,10,96,NaN,NaN,NaN,NaN
1989,BISBIS,24,6,07-05,10,131,NaN,NaN,NaN,NaN
1989,BISBIS,32,10,07-08,10,123,187,NaN,NaN,NaN
1989,BISBIS,82,10,10-03,10,126,208,NaN,NaN,NaN
1989,BISBIS,14,10,04-07,11,140,194,NaN,NaN,NaN
1989,BISBIS,14,10,02-07,12,108,NaN,NaN,NaN,NaN
1989,BISBIS,14,7,07-04,13,120,NaN,NaN,NaN,NaN
1989,BISBIS,14,10,01-07,14,96,194,NaN,NaN,NaN
1989,BISBIS,14,2,08-03,15,161,194,NaN,NaN,NaN
1989,BISBIS,14,5,05-04,16,41,NaN,NaN,NaN,NaN
1992,ACOROS,1,2,09-05,1,30,NaN,NaN,160,NaN
1992,ACOROS,2,1,05-03,1,15,NaN,NaN,NaN,160
1992,ACOROS,3,1,09-02,1,100,NaN,NaN,162,NaN
1992,ACOROS,9,1,02-06,1,42,NaN,NaN,191,213
1992,ACOROS,10,1,05-06,1,95,NaN,NaN,162,NaN
1992,ACOROS,11,1,06-02,1,140,NaN,NaN,168,NaN
1992,ACOROS,12,1,05-03,1,95,NaN,NaN,168,NaN
1992,ACOROS,14,1,04-04,1,135,NaN,NaN,NaN,NaN
1992,ACOROS,16,1,05-08,1,40,NaN,NaN,NaN,NaN
1992,ACOROS,19,1,03-05,1,45,NaN,NaN,199,NaN
1992,ACOROS,25,1,06-03,1,80,NaN,NaN,NaN,190
1992,ACOROS,1,3,07-06,2,50,NaN,NaN,NaN,NaN
1992,ACOROS,2,2,06-02,2,72,NaN,NaN,NaN,NaN
1992,ACOROS,3,2,02-06,2,70,NaN,NaN,168,NaN
1992,ACOROS,9,2,02-05,2,50,NaN,NaN,191,NaN
1992,ACOROS,10,2,08-05,2,95,NaN,NaN,162,NaN
1992,ACOROS,11,2,08-03,2,105,NaN,NaN,168,NaN
1992,ACOROS,12,2,05-03,2,69,NaN,NaN,182,NaN
1992,ACOROS,14,2,09-01,2,120,NaN,NaN,NaN,NaN
1992,ACOROS,16,2,04-07,2,40,NaN,NaN,220,NaN
1992,ACOROS,19,1,04-05,2,40,NaN,NaN,199,NaN
1992,ACOROS,25,2,02-07,2,120,NaN,NaN,170,NaN
1992,ACOROS,1,5,02-02,3,75,NaN,NaN,167,216
1992,ACOROS,2,3,06-02,3,70,NaN,NaN,160,NaN
1992,ACOROS,3,3,02-05,3,85,NaN,NaN,162,NaN
1992,ACOROS,9,3,06-05,3,70,NaN,NaN,198,NaN
1992,ACOROS,10,3,09-05,3,80,NaN,NaN,162,NaN
1992,ACOROS,11,3,04-02,3,82,NaN,NaN,160,NaN
1992,ACOROS,12,3,05-03,3,70,NaN,NaN,168,NaN
1992,ACOROS,14,3,05-06,3,70,NaN,NaN,NaN,NaN
1992,ACOROS,16,3,04-04,3,30,NaN,NaN,199,NaN
1992,ACOROS,19,1,04-07,3,50,NaN,NaN,199,NaN
1992,ACOROS,25,3,03-04,3,130,NaN,NaN,163,NaN
1992,ACOROS,1,7,05-01,4,45,NaN,NaN,160,NaN
1992,ACOROS,2,4,06-02,4,70,NaN,NaN,167,NaN
1992,ACOROS,3,4,05-03,4,95,NaN,NaN,162,NaN
1992,ACOROS,9,4,07-06,4,75,NaN,NaN,NaN,NaN
1992,ACOROS,10,4,09-03,4,115,NaN,NaN,203,NaN
1992,ACOROS,11,4,05-03,4,90,NaN,NaN,168,NaN
1992,ACOROS,12,4,07-02,4,55,NaN,NaN,160,NaN
1992,ACOROS,14,4,02-05,4,90,NaN,NaN,NaN,NaN
1992,ACOROS,16,4,06-02,4,70,NaN,NaN,199,NaN
1992,ACOROS,19,1,05-07,4,50,NaN,NaN,199,NaN
1992,ACOROS,25,4,05-04,4,120,NaN,NaN,163,NaN
1992,ACOROS,1,10,06-01,5,52,NaN,NaN,182,NaN
1992,ACOROS,2,5,08-02,5,80,NaN,NaN,NaN,NaN
1992,ACOROS,3,5,07-03,5,85,NaN,NaN,168,NaN
1992,ACOROS,9,5,10-01,5,85,NaN,NaN,175,NaN
1992,ACOROS,10,6,09-01,5,90,NaN,NaN,162,NaN
1992,ACOROS,11,5,05-03,5,100,NaN,NaN,168,NaN
1992,ACOROS,12,5,08-03,5,55,NaN,NaN,168,NaN
1992,ACOROS,14,5,02-06,5,115,NaN,NaN,NaN,NaN
1992,ACOROS,16,4,01-03,5,45,NaN,NaN,199,NaN
1992,ACOROS,19,4,06-03,5,70,NaN,NaN,199,NaN
1992,ACOROS,25,5,03-04,5,92,NaN,NaN,NaN,NaN
1992,ACOROS,1,2,03-03,6,45,NaN,NaN,160,NaN
1992,ACOROS,2,7,07-03,6,80,NaN,NaN,189,NaN
1992,ACOROS,3,6,03-01,6,105,NaN,NaN,162,NaN
1992,ACOROS,9,6,07-04,6,52,NaN,NaN,191,NaN
1992,ACOROS,10,6,04-02,6,70,NaN,NaN,NaN,NaN
1992,ACOROS,11,6,06-02,6,70,NaN,NaN,NaN,NaN
1992,ACOROS,12,6,08-02,6,70,NaN,NaN,160,NaN
1992,ACOROS,14,6,03-06,6,100,NaN,NaN,163,NaN
1992,ACOROS,16,6,09-03,6,35,NaN,NaN,199,NaN
1992,ACOROS,19,4,05-03,6,55,NaN,NaN,199,NaN
1992,ACOROS,25,6,07-01,6,65,NaN,NaN,170,NaN
1992,ACOROS,1,10,02-06,7,50,NaN,NaN,160,NaN
1992,ACOROS,2,7,07-03,7,70,NaN,NaN,160,NaN
1992,ACOROS,3,7,09-04,7,65,NaN,NaN,162,NaN
1992,ACOROS,9,7,07-07,7,65,NaN,NaN,175,NaN
1992,ACOROS,10,7,09-04,7,120,NaN,NaN,162,NaN
1992,ACOROS,11,7,05-02,7,60,NaN,NaN,NaN,NaN
1992,ACOROS,12,7,08-02,7,70,NaN,NaN,160,NaN
1992,ACOROS,14,8,03-07,7,100,NaN,NaN,163,NaN
1992,ACOROS,16,7,05-03,7,40,NaN,NaN,206,NaN
1992,ACOROS,19,4,09-04,7,45,NaN,NaN,199,NaN
1992,ACOROS,25,7,03-07,7,120,NaN,NaN,NaN,NaN
1992,ACOROS,1,5,05-02,8,55,NaN,NaN,160,NaN
1992,ACOROS,2,8,06-02,8,70,NaN,NaN,167,NaN
1992,ACOROS,3,8,06-01,8,70,NaN,NaN,162,NaN
1992,ACOROS,9,8,02-05,8,90,NaN,NaN,206,NaN
1992,ACOROS,10,8,04-01,8,80,NaN,NaN,162,NaN
1992,ACOROS,11,8,07-03,8,65,NaN,NaN,NaN,NaN
1992,ACOROS,12,8,03-02,8,90,NaN,NaN,168,NaN
1992,ACOROS,14,9,08-06,8,80,NaN,NaN,163,NaN
1992,ACOROS,16,8,08-02,8,50,NaN,NaN,199,NaN
1992,ACOROS,19,4,06-03,8,58,NaN,NaN,199,NaN
1992,ACOROS,25,7,05-08,8,170,NaN,NaN,NaN,NaN
1992,ACOROS,1,9,05-02,9,55,NaN,NaN,160,NaN
1992,ACOROS,2,9,03-03,9,70,NaN,NaN,189,NaN
1992,ACOROS,3,9,06-02,9,70,NaN,NaN,162,NaN
1992,ACOROS,9,9,07-05,9,80,NaN,NaN,198,NaN
1992,ACOROS,10,9,03-02,9,105,NaN,NaN,162,NaN
1992,ACOROS,11,9,04-02,9,65,NaN,NaN,NaN,NaN
1992,ACOROS,12,9,08-02,9,65,NaN,NaN,160,NaN
1992,ACOROS,14,9,08-06,9,75,NaN,NaN,163,NaN
1992,ACOROS,16,9,09-03,9,65,NaN,NaN,199,NaN
1992,ACOROS,19,4,03-04,9,60,NaN,NaN,199,NaN
1992,ACOROS,25,9,05-01,9,90,NaN,NaN,NaN,NaN
1992,ACOROS,1,10,05-02,10,40,NaN,NaN,160,NaN
1992,ACOROS,2,10,07-02,10,70,NaN,NaN,182,NaN
1992,ACOROS,3,10,02-01,10,105,NaN,NaN,162,NaN
1992,ACOROS,9,10,05-05,10,60,NaN,NaN,175,NaN
1992,ACOROS,10,10,06-04,10,115,NaN,NaN,162,NaN
1992,ACOROS,11,10,04-03,10,90,NaN,NaN,202,NaN
1992,ACOROS,12,10,03-04,10,70,NaN,NaN,160,NaN
1992,ACOROS,14,10,07-07,10,135,NaN,NaN,NaN,NaN
1992,ACOROS,16,10,03-04,10,85,NaN,NaN,NaN,NaN
1992,ACOROS,19,10,08-09,10,55,NaN,NaN,199,NaN
1992,ACOROS,25,9,05-06,10,165,NaN,NaN,NaN,NaN
1992,BISBIS,1,1,02-01,1,172,NaN,NaN,160,167
1992,BISBIS,2,1,06-03,1,105,NaN,NaN,160,167
1992,BISBIS,3,1,03-03,1,115,NaN,NaN,162,168
1992,BISBIS,9,3,10-01,1,115,NaN,NaN,175,183
1992,BISBIS,10,1,06-02,1,145,NaN,NaN,162,168
1992,BISBIS,11,1,06-04,1,120,NaN,NaN,160,168
1992,BISBIS,12,1,02-01,1,110,NaN,NaN,160,168
1992,BISBIS,14,1,07-08,1,150,NaN,NaN,163,170
1992,BISBIS,16,1,10-01,1,100,NaN,NaN,NaN,199
1992,BISBIS,25,1,01-01,1,160,NaN,NaN,NaN,163
1992,BISBIS,1,1,08-05,2,122,NaN,NaN,160,167
1992,BISBIS,2,2,02-01,2,115,NaN,NaN,160,167
1992,BISBIS,3,2,02-04,2,75,NaN,NaN,162,168
1992,BISBIS,9,7,10-10,2,108,NaN,NaN,175,183
1992,BISBIS,10,2,06-03,2,122,NaN,NaN,162,168
1992,BISBIS,11,2,06-03,2,110,NaN,NaN,160,168
1992,BISBIS,12,2,03-05,2,112,NaN,NaN,160,168
1992,BISBIS,14,2,02-06,2,235,NaN,NaN,163,177
1992,BISBIS,16,2,02-02,2,75,NaN,NaN,NaN,199
1992,BISBIS,25,3,02-04,2,150,NaN,NaN,163,170
1992,BISBIS,1,3,05-05,3,90,NaN,NaN,160,167
1992,BISBIS,2,3,08-08,3,170,NaN,NaN,160,167
1992,BISBIS,3,3,02-04,3,340,NaN,NaN,162,168
1992,BISBIS,9,7,05-10,3,110,NaN,NaN,NaN,198
1992,BISBIS,10,3,06-01,3,150,NaN,NaN,162,168
1992,BISBIS,11,3,09-05,3,95,NaN,NaN,160,168
1992,BISBIS,12,3,06-02,3,110,NaN,NaN,160,168
1992,BISBIS,14,3,08-01,3,195,NaN,NaN,163,177
1992,BISBIS,16,3,06-06,3,90,NaN,NaN,NaN,199
1992,BISBIS,25,4,09-08,3,270,NaN,NaN,NaN,163
1992,BISBIS,1,3,01-06,4,100,NaN,NaN,160,167
1992,BISBIS,2,4,05-02,4,105,NaN,NaN,160,167
1992,BISBIS,3,4,01-02,4,125,NaN,NaN,162,168
1992,BISBIS,9,7,07-10,4,110,NaN,NaN,175,183
1992,BISBIS,10,4,07-04,4,110,NaN,NaN,162,168
1992,BISBIS,11,4,04-04,4,152,NaN,NaN,160,168
1992,BISBIS,12,4,04-02,4,130,NaN,NaN,160,168
1992,BISBIS,14,4,03-04,4,145,NaN,NaN,170,177
1992,BISBIS,16,4,06-06,4,80,NaN,NaN,NaN,199
1992,BISBIS,25,4,06-03,4,145,NaN,NaN,163,170
1992,BISBIS,1,4,01-03,5,120,NaN,NaN,160,167
1992,BISBIS,2,5,05-01,5,110,NaN,NaN,160,167
1992,BISBIS,3,4,07-07,5,110,NaN,NaN,162,168
1992,BISBIS,9,7,06-10,5,110,NaN,NaN,NaN,175
1992,BISBIS,10,5,03-02,5,165,NaN,NaN,162,168
1992,BISBIS,11,5,07-06,5,110,NaN,NaN,160,168
1992,BISBIS,12,5,06-04,5,112,NaN,NaN,160,168
1992,BISBIS,14,5,05-05,5,140,NaN,NaN,170,177
1992,BISBIS,16,5,05-04,5,80,NaN,NaN,NaN,199
1992,BISBIS,25,5,01-03,5,142,NaN,NaN,163,170
1992,BISBIS,1,5,01-03,6,130,NaN,NaN,160,167
1992,BISBIS,2,6,09-07,6,115,NaN,NaN,160,167
1992,BISBIS,3,6,01-03,6,170,NaN,NaN,162,168
1992,BISBIS,9,7,01-07,6,118,NaN,NaN,NaN,175
1992,BISBIS,10,6,05-05,6,150,NaN,NaN,162,168
1992,BISBIS,11,6,06-01,6,120,NaN,NaN,160,168
1992,BISBIS,12,6,06-02,6,105,NaN,NaN,160,182
1992,BISBIS,14,6,09-04,6,125,NaN,NaN,170,177
1992,BISBIS,16,6,06-01,6,95,NaN,NaN,NaN,199
1992,BISBIS,25,6,09-02,6,130,NaN,NaN,NaN,163
1992,BISBIS,1,6,01-04,7,130,NaN,NaN,160,167
1992,BISBIS,2,7,06-04,7,132,NaN,NaN,160,167
1992,BISBIS,3,7,07-06,7,100,NaN,NaN,162,176
1992,BISBIS,9,9,02-08,7,155,NaN,NaN,175,183
1992,BISBIS,10,7,04-06,7,140,NaN,NaN,162,176
1992,BISBIS,11,7,03-06,7,170,NaN,NaN,160,168
1992,BISBIS,12,7,07-05,7,110,NaN,NaN,160,168
1992,BISBIS,14,7,09-02,7,152,NaN,NaN,170,177
1992,BISBIS,16,7,06-01,7,62,NaN,NaN,NaN,199
1992,BISBIS,25,6,04-02,7,120,NaN,NaN,NaN,163
1992,BISBIS,1,8,02-05,8,80,NaN,NaN,160,167
1992,BISBIS,2,9,09-04,8,155,NaN,NaN,160,167
1992,BISBIS,3,8,09-01,8,110,NaN,NaN,162,168
1992,BISBIS,9,9,04-08,8,130,NaN,NaN,NaN,175
1992,BISBIS,10,8,01-01,8,128,NaN,NaN,162,168
1992,BISBIS,11,8,01-05,8,180,NaN,NaN,160,168
1992,BISBIS,12,8,08-01,8,142,NaN,NaN,160,168
1992,BISBIS,14,8,04-09,8,160,NaN,NaN,163,170
1992,BISBIS,16,8,04-03,8,105,NaN,NaN,NaN,199
1992,BISBIS,25,6,07-09,8,150,NaN,NaN,NaN,163
1992,BISBIS,1,9,05-03,9,90,NaN,NaN,160,167
1992,BISBIS,2,9,02-02,9,115,NaN,NaN,160,167
1992,BISBIS,3,9,05-01,9,145,NaN,NaN,162,168
1992,BISBIS,9,9,01-09,9,155,NaN,NaN,175,183
1992,BISBIS,10,9,06-02,9,152,NaN,NaN,162,168
1992,BISBIS,11,9,04-04,9,105,NaN,NaN,160,168
1992,BISBIS,12,9,03-03,9,105,NaN,NaN,160,168
1992,BISBIS,14,9,06-03,9,105,NaN,NaN,163,170
1992,BISBIS,16,9,05-05,9,60,NaN,NaN,NaN,199
1992,BISBIS,25,8,08-08,9,95,NaN,NaN,NaN,163
1992,BISBIS,1,10,08-04,10,140,NaN,NaN,160,167
1992,BISBIS,2,10,06-04,10,115,NaN,NaN,160,167
1992,BISBIS,3,10,06-01,10,170,NaN,NaN,162,176
1992,BISBIS,9,9,07-02,10,128,NaN,NaN,175,183
1992,BISBIS,10,10,04-01,10,98,NaN,NaN,162,168
1992,BISBIS,11,10,06-04,10,185,NaN,NaN,160,168
1992,BISBIS,12,10,04-04,10,110,NaN,NaN,160,168
1992,BISBIS,14,10,06-10,10,120,NaN,NaN,163,170
1992,BISBIS,16,10,06-03,10,70,NaN,NaN,NaN,199
1992,BISBIS,25,6,07-05,10,125,NaN,NaN,NaN,163
